a_max_f_micron,P_Band4_nterms2,omega_Band4_nterms2,P_times_omega_Band4_nterms2,P_Band5,omega_Band5,P_times_omega_Band5,P_Band6,omega_Band6,P_times_omega_Band6,P_Band7_nterms2,omega_Band7_nterms2,P_times_omega_Band7_nterms2
100.0,0.9999999898989941,0.021021738381511657,0.021021738169170953,0.9999999804026567,0.029110072082802148,0.02911007151232207,0.9999999408584309,0.05010890325008427,0.0501089002865651,0.9999996746142478,0.10691651443108231,0.10691647964197185
102.33520470972582,0.9999999893827448,0.02174278248111545,0.02174278225026678,0.9999999793947858,0.030089362879188956,0.030089362259191187,0.9999999377662276,0.051711757930838764,0.051711754712620996,0.9999996567005287,0.1098688700352511,0.10986883231732611
104.72494122981487,0.9999999888180126,0.022498474241324888,0.02249847398974723,0.9999999782918211,0.03111429116160609,0.031114290486171488,0.9999999343785936,0.05338345412859501,0.05338345062549767,0.9999996370065428,0.11291901109630194,0.11291897010743972
107.1704829896711,0.9999999882001042,0.023290567199459704,0.023290566924633438,0.9999999770844799,0.032187035402768426,0.032187034665185764,0.999999930666047,0.05512676362340559,0.055126759801249155,0.9999996153427485,0.11606868594591678,0.11606864129925507
109.6731331558818,0.9999999875238584,0.024120898024769813,0.024120897723834075,0.999999975762542,0.033309864182104194,0.03330986337475776,0.9999999265960221,0.05694452400497811,0.05694451982502353,0.9999995914978426,0.11931950498293777,0.11931945624066255
112.23422532664179,0.9999999867835999,0.024991389364111414,0.024991389033815214,0.9999999743147533,0.034485137800409675,0.034485136914650404,0.999999922132531,0.05883963442481197,0.05883962984311856,0.9999995652360634,0.12267292266248643,0.12267286932872365
114.85512424239381,0.9999999859730844,0.025904052635508074,0.025904052272154112,0.9999999727287147,0.03571530963428436,0.03571530866028196,0.9999999172357835,0.060815050521886946,0.06081504548857694,0.9999995362941348,0.12613021892591242,0.12613016043859013
117.53722651306363,0.9999999850854413,0.026860990744924956,0.026860990344305134,0.9999999709907638,0.03700292718581749,0.03700292611239084,0.9999999118617644,0.06287377845490721,0.06287377291332331,0.9999995043778033,0.12969248020908328,0.12969241593061134
120.28196136227776,0.9999999841131094,0.027864400698547197,0.02786440025586851,0.9999999690858413,0.038350632779143835,0.03835063159356629,0.9999999059617601,0.06501886797385535,0.06501886185959545,0.9999994691579046,0.13336058019282973,0.1333605093994199
123.09079138896026,0.9999999830477652,0.028916576079390927,0.02891657558919034,0.9999999669973405,0.039761163851221484,0.039761162538997336,0.9999998994818275,0.06725340446423617,0.06725339770404686,0.9999994302658983,0.1371351604870678,0.13713508235649033
125.96521334671402,0.9999999818802426,0.030019909353437423,0.03001990880948395,0.9999999647069454,0.04123735278008304,0.0412373513246909,0.9999998923622015,0.06958049989915761,0.0695804924096658,0.9999993872887942,0.14101661146889632,0.14101652506643828
128.90675894140264,0.9999999806004468,0.031176893966628552,0.03117689336181074,0.9999999621944443,0.042782126189475383,0.04278212457207333,0.9999998845366342,0.0720032826370424,0.07200327432330104,0.9999993397633768,0.14500505352459583,0.14500495778694897
131.91699564735717,0.9999999791972564,0.03239012618992593,0.032390125516122435,0.9999999594375305,0.04439850366470009,0.04439850186378714,0.999999875931631,0.0745248860094351,0.07452487676325405,0.9999992871696406,0.1491003189753292,0.14910021269209522
134.99752754264304,0.9999999776584159,0.033662306665331244,0.03366230591326199,0.9999999564115697,0.046089595810305486,0.04608959380133235,0.9999998664656281,0.0771484356440421,0.07714842534207421,0.9999992289233038,0.15330193499599445,0.1533018167884449
138.14999616383224,0.9999999759704158,0.03499624160119767,0.03499624076025254,0.9999999530893522,0.04785860157643406,0.047858599331356055,0.9999998560480441,0.07987703548326866,0.07987702398481317,0.9999991643672933,0.15760910786539795,0.15760897616207253
141.37608138073605,0.9999999741183608,0.03639484356050451,0.0363948426185463,0.999999949440808,0.049708804777058385,0.04970880226382138,0.9999998445782193,0.08271375246321874,0.08271373960770005,0.9999990927620254,0.1620207089125128,0.162020561921173
144.6775022915648,0.999999972085822,0.037861131780911425,0.03786113072404906,0.9999999454326954,0.051643569720177765,0.05164356690212737,0.9999998319442204,0.08566159983255359,0.08566158543662664,0.9999990132743337,0.16653526255098777,0.16653509822636986
148.05601813899108,0.9999999698546745,0.039398231960519274,0.03939823077284675,0.9999999410282474,0.053666335867464,0.05366633270266612,0.999999818021493,0.08872351910489328,0.08872350295911972,0.9999989249648387,0.17115093680847915,0.17115075281520417
151.5134292476053,0.9999999674049131,0.041009375438331636,0.04100937410162748,0.9999999361867828,0.055780611439012404,0.05578060787947213,0.999999802671344,0.09190236065573924,0.09190234252076994,0.9999988267735392,0.17586553678295574,0.17586533045285446
155.05157798326246,0.9999999647144524,0.04269789769357725,0.04269789618695855,0.9999999308632658,0.05798996587787292,0.05798996186863606,0.9999997857392233,0.09520086299493394,0.0952008425971231,0.9999987175033784,0.1806765014630496,0.18067626974604686
158.6723497348318,0.9999999617589014,0.044467236083310276,0.044467234382834314,0.9999999250078176,0.06029802108918565,0.06029801656730546,0.999999767052789,0.09862163076845577,0.09862160779482194,0.9999985958014936,0.1855809043567456,0.18558064376431688
162.37767391887218,0.999999958511312,0.04632092673329338,0.0463209248114989,0.9999999185651673,0.06270844137020057,0.06270843626354913,0.9999997464197093,0.10216711156904196,0.10216708566147611,0.9999984601378366,0.19057545836920822,0.1905751649092706
166.1695250077689,0.9999999549418994,0.04826260049311318,0.04826259831849207,0.9999999114740411,0.06522492195022032,0.06522491617612157,0.9999997236251846,0.10583957166367373,0.10583954241228166,0.9999983087807953,0.19565652535840777,0.19565619446033455
170.0499235818793,0.9999999510177315,0.0502959778629695,0.05029597539935841,0.9999999036664613,0.06785117606526499,0.06785116952892109,0.9999996984291292,0.1096410707771971,0.10964103771264391,0.9999981397694139,0.2008201307747461,0.2008197572029965
174.0209374062485,0.9999999467023811,0.05242486279677477,0.05242486000265441,0.9999998950669837,0.07059092049668231,0.0705909130893641,0.9999996705629846,0.11357343610525346,0.11357339868995964,0.9999979508817605,0.2060619837567344,0.206061561511365
178.0846825324682,0.9999999419555341,0.05465313528431347,0.05465313211200142,0.9999998855918215,0.07344785951494327,0.07344785111190745,0.9999996397260947,0.11763823576583907,0.11763819338385245,0.9999977395989299,0.211377503007681,0.211377025209747
182.24332442626664,0.999999936732559,0.05698474261442893,0.05698473900915009,0.9999998751478726,0.07642566717929332,0.07642565763738618,0.9999996055815968,0.12183675193695387,0.12183670388229673,0.9999975030641367,0.21676184871681506,0.2167613074763812
186.49907912142973,0.9999999309840192,0.05942368922176954,0.059423685120585344,0.9999998636316112,0.0795279679591562,0.07952795711405534,0.9999995677517427,0.12616995396731884,0.1261698994305761,0.9999972380362809,0.2222099607110188,0.2222093469751693
190.85421440066864,0.9999999246551277,0.06197402502177771,0.0619740203523527,0.9999998509278536,0.08275831566039357,0.08275830332343383,0.9999995258125823,0.13063847178757282,0.13063840984045325,0.9999969408373325,0.2277166029289423,0.22771590630681185
195.31105100406322,0.9999999176851414,0.06463983214254498,0.06463982682172634,0.9999998369083569,0.08612017066017097,0.08612015661469083,0.9999994792879118,0.1352425699897989,0.13524249956735784,0.9999966072928271,0.23327641419631576,0.23327562275775204
199.8719638657251,0.9999999100066675,0.06742520996905951,0.06742520390124018,0.999999821430239,0.08961687547816702,0.08961685947530298,0.9999994276423779,0.13998212298296114,0.1399820428631261,0.9999962326647293,0.23888396514848734,0.23888306519249983
204.53938337933894,0.9999999015449034,0.07033425842226469,0.07033425149749849,0.9999998043341979,0.09325162873940226,0.09325161049324752,0.9999993702736294,0.14485659166973636,0.14485650044972062,0.9999958115758747,0.24453382099205298,0.2445327967806977
209.3157966932574,0.9999998922167713,0.07337105940901373,0.07337105150084405,0.9999997854424922,0.0970274576150033,0.09702743679703381,0.9999993065033589,0.149865002125052,0.1498648981941764,0.9999953379253212,0.25022060962303616,0.2502194430758679
214.20374903583843,0.9999998819299479,0.0765396563918009,0.07653964735475968,0.9999997645566633,0.10094718886189515,0.10094716509455216,0.9999992355670975,0.15500592678883202,0.15500580829720148,0.9999948047936961,0.2559390944165087,0.255937764760112
219.20584507173254,0.9999998705817709,0.07984403204556219,0.07984402171228895,0.999999741454945,0.10501341862037931,0.10501339146967922,0.9999991566025683,0.16027746870803486,0.1602773335304294,0.9999942043380453,0.2616842507855285,0.26168273415207205
224.32475028984194,0.9999998580580086,0.08328808399004459,0.08328807216796809,0.9999997158893391,0.10922848116980678,0.10922845013683082,0.9999990686364005,0.16567724938557749,0.16567709507981815,0.9999935276755896,0.26745134535971565,0.2674496143278445
229.56319242369096,0.9999998442314724,0.08687559861142681,0.08687558507894273,0.9999996875822886,0.11359441688651525,0.11359438139760751,0.9999989705689716,0.17120240080166155,0.17120222456059803,0.9999927647561161,0.27323601637043027,0.27323403944121394
234.92396290496595,0.9999998289604488,0.0906102230159071,0.09061020751797522,0.9999996562229035,0.11811293969454603,0.11811289909002257,0.9999988611571118,0.1768495621749969,0.17684936077113073,0.999991904223057,0.27903435354759115,0.2790320945477054
240.4099183509972,0.9999998120869316,0.09449543519113396,0.09449541743420678,0.9999996214626737,0.12278540434758922,0.12278535786873056,0.9999987389943757,0.18261488202125709,0.1826146517428638,0.9999909332638145,0.28484297554007465,0.28484039294396113
246.0239820869776,0.9999997934346202,0.09853451248854035,0.09853449213472136,0.9999995829105929,0.12761277392939652,0.1276127207034603,0.9999986024885432,0.18849402604368892,0.188493762621128,0.9999898374505667,0.29065910257576033,0.2906561487382622
251.7691457037277,0.9999997728066535,0.1027304985807365,0.10273047524105075,0.9999995401276093,0.13259558800853188,0.13259552703148184,0.9999984498359715,0.19448219135473765,0.19448188987544043,0.9999886005737717,0.29648062179088275,0.2964772420819065
257.6484706518376,0.9999997499830491,0.10708616909295904,0.10708614231960156,0.9999994926203094,0.13773393193071573,0.13773386204731597,0.9999982789923825,0.20057412747663006,0.2005737822870288,0.9999872044718383,0.3023061423979761,0.3023022742312176
263.6650898730358,0.9999997247177925,0.11160399615578488,0.11160396543319046,0.9999994398337236,0.14302740777676523,0.1430273276576348,0.9999980876396092,0.2067641645020015,0.20676376909440305,0.9999856288621308,0.3081350376490666,0.3081306093979582
269.8222094696537,0.9999996967355417,0.11628611217726074,0.11628607691181593,0.9999993811431236,0.14847510755498206,0.14847501567014076,0.9999978731477837,0.21304624871186953,0.21304579559398326,0.9999838511806795,0.31396747041286444,0.3139624002089122
276.12311041307527,0.9999996657278789,0.1211342731857559,0.12113423269394546,0.9999993158446752,0.15407558923190037,0.15407548382026556,0.9999976325324069,0.21941398584675223,0.21941346639125128,0.9999818464407654,0.3198043991539258,0.31979859356582224
282.5711502920828,0.9999996313490596,0.1261498221491314,0.12614977564388083,0.9999992431447715,0.15982685623456594,0.15982673526877414,0.999997362405666,0.22586069210674828,0.2258600963778665,0.9999795871241234,0.32564756121693605,0.3256409138136894
289.16976510202994,0.9999995932111705,0.13133365273034345,0.13133359930528057,0.9999991621478665,0.16572634107427658,0.16572620222010814,0.9999970589213544,0.2323794528173914,0.23237876937114502,0.9999770431229054,0.33149943061560455,0.33149182042391895
295.9224710757956,0.9999995508786279,0.13668617399296276,0.13668611260428076,0.9999990718425974,0.17177089375393026,0.17177073432350368,0.9999967177126724,0.23896318853956208,0.2389624041937166,0.9999741817559389,0.3373631480544131,0.3373544379303194
302.8328665574945,0.9999995038619073,0.14220727662095684,0.14220720606650983,0.9999989710859422,0.1779567756156004,0.17795659251337226,0.9999963338221842,0.24560472822324425,0.2456038277926382,0.9999709678892466,0.3432424216976304,0.3432324566456284
309.90463391994285,0.9999994516104049,0.14789630126383974,0.14789622015904696,0.9999988585851508,0.18427965926912004,0.18427944892958056,0.9999959016232465,0.25229688880757845,0.2522958547998744,0.9999673641982222,0.3491413982811366,0.34913000377166986
317.14154152689986,0.9999993935043016,0.15375200965918775,0.15375191640925526,0.9999987328771321,0.19073463521060405,0.19073439352638608,0.9999954147320786,0.25903256044921497,0.25903137271552495,0.9999633316171918,0.3550645055459454,0.3550514859047344
324.54744574113306,0.9999993288452829,0.15977255921765307,0.1597724519855463,0.9999985923049486,0.1973162256919438,0.19731594793086932,0.999994865909933,0.2658047963264455,0.26580343166068093,0.9999588300308244,0.3610162686466094,0.36100140561795735
332.1262929793748,0.9999992568459591,0.16595548178040218,0.1659553584499153,0.9999984349910332,0.20401840633725987,0.20401808704662458,0.9999942469547717,0.27260690570883517,0.2726053373889771,0.9999538192703166,0.3670011051079423,0.36698415672911383
339.88212181526694,0.9999991766177944,0.17229766726901688,0.17229752540218357,0.9999982588066819,0.21083463591937476,0.21083426881551548,0.9999935485821185,0.27943254871103407,0.27943074597489265,0.9999482604839933,0.37302310498516433,0.3730038049502531
347.819065131413,0.9999990871573295,0.17879535295027277,0.17879518973824532,0.9999980613373465,0.21775789460805778,0.21775747244896,0.9999927602950353,0.2862758308646656,0.2862737583121116,0.9999421179548643,0.379085804996885,0.37906386273520987
355.94135232168605,0.9999989873304694,0.18544411902068764,0.1854439312270787,0.999997839843189,0.2247807308818671,0.2247802453202403,0.9999918702435943,0.2931313953498938,0.2931290122630547,0.9999353614335355,0.38519196737388234,0.38516706911729764
364.25331154496376,0.9999988758545482,0.19223889118496293,0.19223867508048773,0.9999975912143161,0.23189531715694917,0.23189475857082903,0.9999908650748411,0.29999451043607384,0.29999177000867294,0.9999279690387065,0.3913433757889123,0.3913151869493584
372.75937203149397,0.9999987512778769,0.19917395085331796,0.19917370214039917,0.9999973119200596,0.2390935140292765,0.23909287132679755,0.9999897297750556,0.30686114939974096,0.3068579978667099,0.9999199307449015,0.3975406617618555,0.39750883097719686
381.4640664431179,0.9999986119564184,0.20624295351536134,0.20624266724115345,0.9999969979516315,0.24636694285203023,0.2463662032465514,0.9999884475072481,0.3137280599330607,0.31372443559192226,0.9999112524179183,0.40378317513823453,0.4037473403577558
390.37203328860903,0.9999984560272068,0.21343895576193286,0.21343862621799217,0.9999966447574464,0.2537070661776293,0.2537062149288847,0.999986999448309,0.3205928198465987,0.32058865196307257,0.9999019602687945,0.4100689113898349,0.4100287083439865
399.4880193954171,0.9999982813780726,0.22075445132098248,0.22075407192754187,0.9999962471703581,0.2611052753848783,0.2611042955012612,0.9999853646321682,0.32745387573195256,0.3274490833240333,0.9998921054684138,0.4163945064326222,0.4163495797423956
408.81688243912924,0.9999980856131973,0.22818141634924236,0.22818097952175026,0.9999957993261789,0.2685529845879663,0.2685518564844743,0.9999835198077953,0.3343105612132314,0.33430505171092656,0.9998817684976391,0.42275530632736363,0.4227053233323655
418.36359353200197,0.9999978660139653,0.2357113640786022,0.23571086107384304,0.9999952945726287,0.2760417296822077,0.27604043078789725,0.999981439324032,0.3411630915172701,0.3411567592996762,0.9998710626115723,0.42914551467658124,0.4290901817746634
428.1332398719394,0.999997619494529,0.2433354087556166,0.2433348294943448,0.999994725368257,0.2835632711314646,0.28356177543963357,0.9999790950571482,0.3480125313724628,0.34800525619038275,0.9998601355977054,0.4355584149529522,0.43549749583558045
438.1310274533306,0.9999973425514652,0.25104433863532327,0.2510436714979134,0.9999940831707947,0.291109698835737,0.291107976389369,0.999976456401824,0.3548607337413096,0.35485237904278594,0.9998491688557855,0.4419866587335924,0.44191999338012805
448.3622838411909,0.9999970312068508,0.2588286975979289,0.25882792918906466,0.9999933583147208,0.2986735371452747,0.2986715534496398,0.9999734903519835,0.3617102476520214,0.3617006588406722,0.999838372795665,0.44842260435817943,0.4483501270662764
458.83246101008444,0.9999966809440474,0.2666788747500394,0.2666779896279327,0.9999925398781366,0.306247847810123,0.3062455631638579,0.9999701617046246,0.36856419443926053,0.36855319711196205,0.9998279777266343,0.45485868447264594,0.45478043864768286
469.5471382493428,0.9999962866354593,0.27458520115240703,0.27458418151745767,0.9999916155395515,0.313826328378471,0.313823697114033,0.9999664334273174,0.37542611306036716,0.37541351129245615,0.9998182198758395,0.4612877759444548,0.4612039229952699
480.5120251361242,0.9999958424616189,0.28253805258613185,0.2825368779233341,0.9999905714258425,0.32140340329226613,0.3214003729164437,0.9999622672381291,0.3822997768115661,0.3822853515851244,0.999809322950111,0.4677035424235785,0.46761436209188656
491.73296457790184,0.9999953418207626,0.2905279570262733,0.290526603694976,0.9999893919536083,0.328974304686521,0.3289708149118352,0.9999576244547379,0.38918898569363564,0.38917249359815687,0.9998014766690647,0.47410071902685963,0.4740065989729196
503.2159359259994,0.9999947772284173,0.2985457052456675,0.298544146009642,0.9999880596673489,0.33653513969627613,0.3365311213547594,0.9999524671762964,0.3960973407927543,0.39607851316768494,0.9997948147411504,0.480475310762954,0.4803767243119443
514.9670581618341,0.9999941402064842,0.3065824627147162,0.30658066620478913,0.9999865550795659,0.34408294093378833,0.34407831476602474,0.9999467598655253,0.4030280092290193,0.4030065519636109,0.9997893955117623,0.48682468171010446,0.48672215424715143
526.9925931575656,0.9999934211615493,0.31462988070536246,0.31462781080620555,0.999984856519985,0.3516156967454376,0.351610372060161,0.9999404713968225,0.40998349031497283,0.40995908457046853,0.9997851886520547,0.4931475206327658,0.49304158694912276
539.2989490128873,0.9999926092525535,0.32268020424972954,0.32267781940183393,0.9999829400038032,0.3591323579254313,0.35912623112877096,0.9999335776248308,0.4169653953503734,0.4169376995184509,0.9997820705780632,0.49944368031429176,0.4993348368417509
551.892683469738,0.9999916922483504,0.3307263743528751,0.330723626760293,0.9999807791322689,0.3666328177902782,0.3666257707893816,0.99992606450306,0.4239742547134693,0.4239429079662573,0.9997798298570917,0.5057139015638176,0.5056025584618395
564.7805074067554,0.9999906563764324,0.338762121622955,0.3387589563572116,0.9999783450431158,0.37411786294056903,0.37410976143437746,0.9999179317351145,0.4310093663490905,0.4309739941582448,0.9997781820311533,0.5119594473093139,0.5118458855045799
577.9692884153314,0.9999894861649569,0.3467820482726408,0.34677840226338935,0.9999756064334498,0.3815890927027119,0.38157978438378426,0.9999091968680174,0.4380686991597509,0.43802892114984365,0.9997767916099701,0.5181816856219762,0.5180660231221855
591.4660544591749,0.999988164281483,0.3547816952788737,0.3547774961825934,0.9999725296837723,0.3890488061793881,0.3890381188856543,0.9998998996296473,0.4451488630034899,0.4451043034374412,0.9997752979666042,0.5243816708282852,0.5242638412005747
605.2779976193349,0.9999866713734049,0.3627575913849486,0.3627527563244685,0.9999690791187379,0.39649985707515395,0.3964875969501529,0.9998901061691624,0.45224515389654985,0.4521954549441104,0.9997733417763439,0.5305597768922287,0.5304395211556548
619.4124779266756,0.9999849859171878,0.37070728061599284,0.3707017147861826,0.9999652174480003,0.40394547800530656,0.4039314277507128,0.9998799126851673,0.45935167863952564,0.45929651632987395,0.9997705894138919,0.5367154351615635,0.5365923069590098
633.8770272838489,0.9999830840861635,0.3786293250879102,0.37862292022687105,0.9999609064384538,0.41138907782126,0.41137299515702674,0.9998694477399147,0.46646155760481345,0.46640065999422525,0.999766754035317,0.54284701831659,0.5427204014401275
648.6793534788511,0.9999809396500258,0.3865232801585533,0.3865159128895603,0.9999561078768044,0.41883401753664445,0.4188156340223482,0.9998588723964413,0.4735671981668114,0.47350036476301016,0.99976161346463,0.5489518940804045,0.5488210313402898
663.8273442923081,0.9999785239233018,0.3943896394339041,0.3943811694917586,0.9999507848871463,0.4262833726144445,0.4262623930301536,0.9998483772386809,0.4806606246952702,0.48058774560409656,0.9997550260372637,0.5550266475789799,0.5548906805016982
679.32907170067,0.9999758057851419,0.402229747847788,0.4022200162148462,0.999944903670225,0.43373969152911745,0.4337157940640365,0.9998381754197816,0.4877338447579855,0.4876549174332992,0.9997469458618119,0.5610674433237304,0.5609254628853947
695.1927961775606,0.9999727517987461,0.4100456820063953,0.4100345089991287,0.9999384357262376,0.4412047624553733,0.4411776000045923,0.99982849120886,0.4947792258546301,0.49469436686772256,0.9997374382755778,0.5670704710580605,0.5669215800573106
711.4269710955734,0.9999693264656607,0.41784009825782303,0.4178272816252208,0.9999313606067344,0.44867940142816437,0.44864860434627957,0.9998195441177368,0.5017898533260702,0.5016993023953775,0.9997266944306923,0.5730323993074827,0.5728757863613583
728.040247230857,0.9999654926578008,0.42561605051195806,0.42560136363325757,0.9999236692095274,0.4561632761129032,0.4561284568094529,0.9998115295571605,0.5087598386901985,0.5086639524981016,0.9997150410347233,0.5789507514779633,0.578785774270876
745.0414773728913,0.9999612122780444,0.43337678167331345,0.4333599719752039,0.9999153675741185,0.46365477918408204,0.4636155389553481,0.9998045979556582,0.5156845490874435,0.5155837832723164,0.9997029378685389,0.5848241257942466,0.5846503966929083
762.4397210419138,0.9999564472078086,0.44112549459746264,0.4411062823504661,0.9999064810508471,0.4711509640203855,0.47110690247733794,0.9997988351178985,0.52256073311819,0.5224556122499213,0.9996909532408709,0.5906522041870347,0.5904696650375582
780.2442493165049,0.9999511606058484,0.4488651106356092,0.44884318833555,0.9998970585972486,0.47864755286060934,0.4785982802100944,0.9997942469924617,0.5293865261969036,0.5292776033269884,0.9996797082993976,0.5964355351309631,0.5962445017791164
798.4645497739086,0.9999453186246661,0.45659802594005183,0.4565730585320187,0.9998871768011333,0.4861390237024948,0.4860841759427467,0.9997907517125172,0.5361613293573295,0.536049138517347,0.9996697874688233,0.6021751259714974,0.6019762801989387
817.11033154572,0.9999388926064179,0.46432587756946764,0.46429750382531665,0.9998769430508494,0.4936187771819797,0.4935580339612162,0.9997881807146018,0.5428855685197657,0.5427705748865889,0.9996616247566629,0.607871931494785,0.6076662426820476
836.1915304916317,0.9999318618044439,0.4720493328270098,0.4720171682372575,0.9998664970939138,0.5010793787096259,0.5010124831563884,0.9997862891512107,0.5495603554000777,0.5494429083900643,0.9996553907899769,0.6135263637236316,0.6133149368881005
855.7183144940008,0.9999242166457578,0.4797679159348677,0.47973155751294033,0.9998560100907643,0.5085128646792646,0.5084396439580342,0.999784774135094,0.5561870848809348,0.5560673790345418,0.9996509155796769,0.6191379584695802,0.6189218270542478
875.7010888760508,0.9999159624945902,0.4874798858648807,0.4874389192713352,0.999845680247022,0.5159110951452655,0.515831479872504,0.9997832980950436,0.562767014792482,0.5626450621083299,0.9996476791406164,0.6247053060766016,0.6244852093663031
896.1505019466045,0.999907123794434,0.4951821777031897,0.49513618706146073,0.9998357242742879,0.5232661296190485,0.5231801696958648,0.9997815140444299,0.5693008805646097,0.5691764963177127,0.9996448841601682,0.6302262857564452,0.6300024824196947
917.077450674293,0.9998977483481611,0.502870417218113,0.5028189978872916,0.9998263643551305,0.5305705982390989,0.5304784722711249,0.9997790899471858,0.5757885972239053,0.5756613997344827,0.9996415991425426,0.6356985481578799,0.6354707132531356
938.4930864942727,0.9998879113438407,0.5105390143187525,0.5104817886867206,0.9998178109946256,0.5378180381636072,0.5377200536301617,0.9997757304067977,0.5822290934654232,0.5820985171834812,0.9996369393885296,0.641120097590204,0.6408873321355469
960.4088212505379,0.999877718556345,0.5181813359735208,0.5181179720116829,0.9998102430609394,0.5450031651872398,0.5448997470548355,0.9997711952162416,0.5886203068407512,0.5884856276987287,0.9996302457912253,0.6464897705340289,0.6462507282204442
982.8363332770026,0.999867307975916,0.5257899531882201,0.5257201850550886,0.9998037872672447,0.5521220536968252,0.5520137203198549,0.9997653154593201,0.5949593466626082,0.5948197189016134,0.9996212273518442,0.6518074227422167,0.6515605359186171
1005.7875736205837,0.9998568489783531,0.5333569502514804,0.5332805996591495,0.999798500045375,0.5591722043356182,0.559059531161817,0.9997580084635419,0.6012428047000467,0.601097309029953,0.9996100445401794,0.6570737335250753,0.6568175040351825
1029.2747724096082,0.999846538122728,0.5408742781905854,0.5407912746084861,0.9997943549101912,0.5661524880235655,0.5660360615443205,0.9997492926699326,0.6074671671073315,0.6073148706357624,0.999597318486645,0.6622896881034682,0.6620229962895833
1053.310445370937,0.9998365908195049,0.548334128866458,0.5482445260358225,0.9997912378269636,0.5730629667946677,0.572943332924433,0.9997393021988166,0.613629259101665,0.6134692873030754,0.9995840527605461,0.6674559479906956,0.6671783215316718
1077.907400499273,0.999827228524479,0.555729302029534,0.5556332878580321,0.999788951818305,0.5799046053467671,0.5797822175342521,0.9997282985140378,0.6197266416074938,0.6195582609580786,0.9995714562986093,0.6725723911418988,0.6722841644799457
1103.078744882215,0.9998186618063876,0.5630535355683893,0.5629514324573422,0.9997872303915148,0.5866789009036592,0.5865540734636073,0.9997166734548109,0.625757880582583,0.6255805867641526,0.9995606706385439,0.6776380456152122,0.6773403393253338
1128.8378916846889,0.9998110705455675,0.5703017696344785,0.5701940228322796,0.9997857578150697,0.5933874712126715,0.5932603425843287,0.9997049350202543,0.6317226274581951,0.6315362282339192,0.9995524418329711,0.6826514593196534,0.6823459330838008
1155.1985672964793,0.9998045834695367,0.5774703186759925,0.5773574714298714,0.9997841932896254,0.6000316492640917,0.5999021584077434,0.9996936665346464,0.6376214827646269,0.6374261579662278,0.9995468290928252,0.6876113230905752,0.6872997176435065
1182.1748186466716,0.9997992599420588,0.5845569317976939,0.5844395878053348,0.9997821959076003,0.6066121366685977,0.606480014062732,0.9996834535349243,0.6434556606362153,0.6432519770214079,0.9995430750124639,0.6925170165533368,0.6922005882241795
1209.7810206889014,0.9997950770975129,0.5915607311273879,0.5914395067853679,0.9997794479468832,0.6131287640177018,0.6129935372099727,0.9996747823518634,0.6492265214202348,0.6490153814978307,0.9995397371989841,0.6973687735499006,0.6970478006448455
1238.0318840613975,0.9997919248601616,0.5984820295074552,0.5983575002754746,0.9997756752165515,0.6195803952519247,0.6194414080139309,0.9996679283248606,0.6549350811822712,0.6547175957927555,0.9995350919358762,0.7021673717390515,0.7018409284655655
1266.9424629259063,0.9997896101431702,0.6053220419297549,0.6051946883120174,0.9997706644548416,0.6259649945280965,0.6258214385048264,0.9996628641061824,0.6605816267346842,0.6603589209575156,0.999527707456747,0.7069135316275399,0.7065796616378276
1296.5281629896683,0.9997878698820583,0.6120825183730927,0.6119526772362801,0.9997642787562186,0.6322798501712905,0.6321308083785903,0.9996592215280262,0.6661655510465713,0.665938536168004,0.9995170010132489,0.7116073944931326,0.7112636888426278
1326.8047497147243,0.9997863909984988,0.6187653373891199,0.6186331635432366,0.9997564723241323,0.6385219242304075,0.6383664264702091,0.9996563290989174,0.6716854718385379,0.6714546330871871,0.9995035670656642,0.7162484087835215,0.7158928394842358
1357.7883567189283,0.9997848343801811,0.6253721080153318,0.6252375494380933,0.9997473052410546,0.6446882721892926,0.6445253628417568,0.9996533245348572,0.6771396134255674,0.6769048657351164,0.9994890977043407,0.7208356965750276,0.7204674199628542
1389.4954943731375,0.9997828597745554,0.6319038305142002,0.631766618773983,0.9997369572602863,0.6507764602281366,0.6506052782050971,0.9996493183692423,0.6825263404248925,0.6822869909747972,0.9994758246181423,0.7253686493177443,0.7249884289290005
1421.9430585991668,0.999780149111969,0.638360662594978,0.6382203184364225,0.99972573692559,0.6567849014841041,0.6566047696377969,0.9996435714942211,0.6878446644851011,0.6875994970391307,0.9994656122056886,0.729847331243159,0.729457309737632
1455.1483398731937,0.9997764269255821,0.6447418265239574,0.6445976796115956,0.9997140791595472,0.6627130412402342,0.6625235577705039,0.9996356501530955,0.6930945346290065,0.6928420057414241,0.9994590687682406,0.734272387389737,0.7338751965227793
1489.1290324394097,0.9997714778155673,0.6510456743745433,0.6508968959948698,0.9997025221524082,0.6685613450078014,0.6683624628179053,0.9996255314165771,0.6982767860892888,0.6980153033703648,0.999455141483744,0.7386445127343058,0.7382420559810567
1523.903243738829,0.9997651618975514,0.6572699054652777,0.6571155534478818,0.9996916550455129,0.6743310812212547,0.6741231546347064,0.9996136418491778,0.7033927506269705,0.7031209891045365,0.9994514720489714,0.7429638998797797,0.7425563634140905
1559.4895040582824,0.9997574295269056,0.6634119049202126,0.6632509807805796,0.9996820337378054,0.6800239362608445,0.6798077115916288,0.9996008164053458,0.7084436784973434,0.7081608794031508,0.9994454175609281,0.7472301442036318,0.7468157434877113
1595.906776404731,0.9997483360300649,0.669469149373473,0.6693006681095925,0.9996740736889002,0.6856415444705996,0.6854180758512735,0.9995881657465877,0.7134302216847997,0.7131364066820904,0.9994353430923916,0.7514427209457356,0.7510184136226815
1633.1744666101677,0.9997380555387708,0.6754396096266819,0.6752626819620454,0.9996679427342682,0.691185047562946,0.6909555345459375,0.9995768480589062,0.7183522201193199,0.7180482479829874,0.9994216364479643,0.7556016043406043,0.7551645919127941
1671.3124336724875,0.9997268903701824,0.6813220747061354,0.6811359990865258,0.9996634866699139,0.6966548037190218,0.6964203700911018,0.9995677677998849,0.7232089011599644,0.7228963069854731,0.9994068108727683,0.7597073983025768,0.7592567481340262
1710.3410003378406,0.9997152692429861,0.6871163302326005,0.6869206870797369,0.9996602181991151,0.7020503380792954,0.701811794151111,0.9995612694269633,0.7279993976363732,0.7276800020434778,0.9993942613828297,0.7637608071257619,0.7632981677106047
1750.2809639301015,0.9997037252493396,0.6928231472783509,0.6926178812731393,0.999657383528354,0.7073705633566648,0.7071282065501013,0.9995569370408448,0.7327233147239183,0.7323986721638547,0.9993860982276999,0.7677620154142992,0.7672906849523317
1791.1536074332312,0.9996928449967136,0.6984440740952497,0.6982295435033756,0.9996540967883347,0.7126142149476682,0.7123677194020395,0.9995536128238813,0.737381036340344,0.7370518789018086,0.9993815617902503,0.7717107101369558,0.771233454746934
1832.9807108324355,0.9996831859075966,0.7039810669877176,0.7037580358649107,0.9996495120859934,0.7177803647463697,0.7175287914036149,0.9995496853943225,0.7419735981204919,0.7416394765722312,0.9993774228721489,0.7756067296198778,0.775123854609809
1875.7845627201605,0.9996751699637235,0.7094360393506477,0.7092055932162495,0.9996429950975388,0.7228688339103355,0.7226107661927932,0.9995435941342742,0.7465022031905008,0.7461614952061874,0.9993701665724908,0.7794505115483625,0.7789595875611002
1919.587972173111,0.9996689762784058,0.7148104379798272,0.7145738187684127,0.9996342609221971,0.7278803435512402,0.727614129265639,0.9995343976347565,0.7509676753697905,0.7506180230439169,0.9993584255940151,0.7832427543299678,0.7827402458251166
1964.414280906628,0.9996644649278107,0.7201049613452455,0.7198633408750567,0.9996234553485435,0.7328163302291344,0.7325403921594866,0.9995222032308235,0.7553701904015041,0.7550092769649981,0.9993441537112702,0.7869837745550987,0.7864676341672662
2010.2873757128855,0.999661162906222,0.7253195073993596,0.7250737422454119,0.9996111646200201,0.7376784865531014,0.7373916510584796,0.9995082624277623,0.7597094545101303,0.7593358768273634,0.999331521119741,0.7906734589874796,0.7901449104789652
2057.2317011895566,0.9996583273458983,0.7304533788728783,0.7302038029282213,0.9995983412976109,0.7424682137586364,0.742169994939333,0.9994946120269872,0.7639852063545132,0.7635990974196619,0.9993235600692822,0.7943118412218135,0.7937745369749691
2105.272272765707,0.9996550772257186,0.7355056941040967,0.7352520014395866,0.9995861361503402,0.747186229748947,0.7468769963794903,0.9994833018085534,0.7681976918697085,0.767800765511646,0.9993191106635714,0.7978994352523038,0.797356154035298
2154.4346900318833,0.9996505641124415,0.74047587534604,0.7402171265013228,0.999575639659953,0.7518325203840281,0.7515134724800195,0.9994754784456853,0.7723477662523848,0.7719426532015585,0.9993136644911037,0.8014368462274031,0.8008867916616994
2204.7451503814746,0.9996441440055872,0.7453640443775041,0.7450988021142927,0.9995675709180087,0.756406663058305,0.7560795708193866,0.999470763992785,0.7764365373255635,0.7760256191526935,0.9993037591200126,0.804924277579123,0.8043638563917781
2256.230462970634,0.9996355167117517,0.7501711721120048,0.7498977472564443,0.9995619995580817,0.7609083599975202,0.7605750817995819,0.9994672976106446,0.7804648205860605,0.7800490651113264,0.9992904230475138,0.8083617295926634,0.8077881347400726
2308.918063004193,0.9996248095095587,0.7548989110911231,0.7546156801984372,0.999558217939561,0.7653378978819098,0.7649997853284515,0.9994624953887353,0.7844328588031704,0.7840112225243362,0.9992783564200692,0.8117495676012465,0.8111637737372754
2362.8360263551763,0.999612590001859,0.7595491653259869,0.75925490838526,0.9995548596925506,0.7696962800531548,0.7693536572144093,0.9994542481489257,0.7883405712175379,0.7879103328915189,0.9992712227585178,0.8150884371171621,0.8144944192143957
2418.013084525721,0.9995997957654996,0.7641235719464046,0.7638177664572301,0.9995502788215739,0.7739849575520865,0.7736368801248921,0.999442079249084,0.7921881252782871,0.7917461470845651,0.9992671618022563,0.8183786538791941,0.8177789147414133
2474.4786399573513,0.9995875705764738,0.7686231241942386,0.7683061214022183,0.9995430959078933,0.7782053211662951,0.7778497559705551,0.9994276677447858,0.7959762737331253,0.7955207108372826,0.999260437278173,0.8216202867275602,0.8210126469919997
2532.2627816987947,0.9995770099120705,0.7730481150987942,0.7727211234086149,0.9995327349260633,0.7823582662662099,0.781992697573078,0.9994141762198282,0.7997060848785082,0.7992375980368384,0.9992486316327922,0.8248137694845474,0.8241940305093193
2591.3963014396586,0.9995688516281821,0.7773984334001601,0.7770632593313459,0.9995197446186656,0.7864441023971234,0.7860664083848284,0.9994043872048906,0.8033783357031709,0.8028998332871123,0.9992360896521852,0.8279597101893242,0.8273272231991369
2651.910709918538,0.9995631952551918,0.7816740628535205,0.7813326239139725,0.9995057297084049,0.7904628608512846,0.7900721585425565,0.9993987440883061,0.8069932618225001,0.8065080523531322,0.9992284646301182,0.8310583566789971,0.8304171657623833
2713.8382537142784,0.9995593662470029,0.7858755200017304,0.7855292367219635,0.9994928225929862,0.7944147873047313,0.7940118780728126,0.9993948963596215,0.8105509748977726,0.8100605075521496,0.9992250051756306,0.8341099324802317,0.8334635015996044
2777.211932429355,0.9995560231318062,0.7900039895731414,0.7896532460759902,0.9994828188833049,0.7983006710492437,0.7978878050167321,0.9993892568724387,0.8140520253657505,0.813554848685781,0.9992190086973459,0.8371149975784314,0.8364612180460014
2842.0655162745124,0.999551525983821,0.7940610826284941,0.7937049668656763,0.9994763254889916,0.8021217659558398,0.8017017152322837,0.9993794518824971,0.817497378309146,0.8169900818499728,0.9992074619295864,0.8400740106538462,0.8394082200184381
2908.433564064048,0.9995444773288515,0.7980483637821844,0.7976848346598087,0.9994723636930898,0.805879354963463,0.8054541437567948,0.9993660813896279,0.8208878524604836,0.8203674763737805,0.9991963130845422,0.842987191575178,0.8423096937994105
2976.3514416313183,0.999534261924722,0.8019669374211141,0.801593430883243,0.9994686940884804,0.8095743009761263,0.8091441693642033,0.9993526100296584,0.8242238112720419,0.8236902170433077,0.9991912467453737,0.8458549966949533,0.8451709087134344
3045.855340674284,0.9995213798593485,0.805817350768605,0.8054316703548406,0.9994627810695951,0.8132069709183388,0.8127701007392243,0.9993428566922675,0.827505518983033,0.8269617292691217,0.99918818306462,0.8486779680756308,0.8479889969284631
3116.982298041145,0.9995073960420481,0.8095998707760232,0.8092010586753217,0.9994530295368079,0.8167776211827413,0.816330867948958,0.99933747626164,0.8307336107655182,0.8301832300281325,0.9991800120980009,0.8514563686265846,0.8507581847052307
3189.7702154663216,0.9994944309921442,0.8133149426392663,0.8129037558106419,0.9994397700921593,0.8202868955872986,0.8198273463353808,0.9993330104179329,0.8339089851925443,0.8333527765870287,0.9991690392237718,0.8541906357778188,0.8534808368640661
3264.2578797673223,0.9994843069298909,0.8169635061768108,0.8165422037581433,0.9994253802250052,0.8237359306935966,0.8232625957384463,0.999325159715648,0.8370323066779687,0.8364674435581183,0.9991632553772102,0.8568813079947603,0.8561643171679265
3340.4849835132445,0.99947768907686,0.8205469361383848,0.8201183555106907,0.9994131146850599,0.8271259336140725,0.8266405055500282,0.9993130326031174,0.8401039082268837,0.8395267842319383,0.9991607980472205,0.8595286752969338,0.8588073571541546
3418.4921461759286,0.9994736643074243,0.824066644905946,0.823632909217671,0.9994050349707536,0.8304576870867263,0.8299635938046408,0.9993001430641132,0.8431242614301506,0.8425341950679743,0.9991538810358017,0.8621332193087947,0.8614037520422723
3498.320935775036,0.9994700350932184,0.8275236596771519,0.8270851011779915,0.9994004675972086,0.8337315640043322,0.8332317149164816,0.999291085558915,0.8460941981347581,0.8454943897391821,0.9991447543005358,0.8646954225491509,0.8639558955076694
3580.013891028579,0.9994642610204924,0.830918536374111,0.8304733809253799,0.9993963485628602,0.8369480396564037,0.8364428147694538,0.9992864201818216,0.8490144504945041,0.8484086109172894,0.9991409566163024,0.8672156162589035,0.8664706404215171
3663.6145440207165,0.9994546904161887,0.8342517048926774,0.8337967794426886,0.9993892927544034,0.8401080479856937,0.8395949879137048,0.9992814154244688,0.851885395258396,0.8512732435532431,0.9991383766141663,0.8696943243412429,0.8689449753728636
3749.1674433988883,0.999441564852082,0.837523934562447,0.8370562317601647,0.999377935057706,0.8432127189360867,0.8426881858647401,0.9992716387086472,0.8547075378795839,0.854085001993565,0.9991309354940695,0.8721319536689585,0.8713740147435369
3836.7181781126446,0.9994271864065234,0.840736450051597,0.8402548647844762,0.9993640893618554,0.8462628737720497,0.8457247262079512,0.999258882156255,0.857481696382977,0.8568462013971029,0.9991251878521491,0.874528914564948,0.8737638660468396
3926.3134017068373,0.9994148034261874,0.8438905548287604,0.8433967129674018,0.9993517362572681,0.8492589829077605,0.8487084391009521,0.9992491227703819,0.8602084954454962,0.8595625844735421,0.9991241767788649,0.8768857173940081,0.8761177205204327
4018.0008571820913,0.9994065594423646,0.8469871663191318,0.8464845297828414,0.9993438353317468,0.8522016134182552,0.8516424288293017,0.9992446475252219,0.8628883379559271,0.862236553114395,0.9991195082797147,0.8792027214593742,0.8784285907426769
4111.829402435831,0.9994019014655648,0.8500268076166847,0.8495184078288186,0.999339357784621,0.8550916918963158,0.8545267822266293,0.9992404770409474,0.8655218685531822,0.864864484822454,0.9991134856361569,0.8814804439094759,0.8806989988345033
4207.8490362974035,0.9993978379390104,0.8530100709704297,0.8524964206680492,0.9993340095739685,0.8579302071901102,0.8573588338859183,0.99923104392915,0.8681098271607378,0.867442288838978,0.9991128326495934,0.8837192728704395,0.8829352659846238
4306.110925171171,0.99939095670368,0.8559379625047342,0.8554166592266048,0.9993244151403472,0.8607178281832378,0.860136340250084,0.9992189877775265,0.8706526959636512,0.8699727055665741,0.9991103454325644,0.8859196847905735,0.8851315222966184
4406.667430301786,0.999379780099928,0.8588116807314278,0.8582790286366239,0.9993114766521551,0.8634550507787592,0.8628605418164834,0.9992115341968353,0.8731509972190548,0.8724625475167483,0.9991052959151748,0.8880821089389467,0.8872875382484189
4509.572135676147,0.9993659911935772,0.861632148541288,0.8610858661712157,0.9992996669546833,0.8661426338610588,0.8655360455526083,0.9992086538923766,0.8756054640306816,0.8749125570549071,0.9991051683843528,0.8902069896676031,0.8894104043087785
4614.879876576939,0.9993535235541612,0.8643999525386094,0.8638411383295089,0.9992925607207147,0.8687815421207049,0.8681669319326907,0.9992029903929568,0.8780166337544386,0.8773168460621926,0.9991035460307663,0.8922947752547267,0.8914948740617231
4722.6467688029525,0.9993454424423035,0.867115746000311,0.8665481688353689,0.9992884792788881,0.8713724817427854,0.8707524821662187,0.9991923677037459,0.8803849980955584,0.8796739707379587,0.9991002773290021,0.8943459010735775,0.8935412377906675
4832.930238571752,0.9993409011112555,0.8697805070965416,0.8692072357308627,0.9992819328787789,0.8739159541853627,0.8732884238719516,0.9991841155802926,0.8827112650747737,0.8819910747064991,0.9991010234696376,0.8963608129946244,0.8955550056610057
4945.789053120642,0.9993356793726706,0.8723952826630273,0.8718157324815695,0.9992704942725287,0.8764127208789548,0.8757733727794449,0.9991813241963974,0.8849959576627284,0.8842714328859038,0.9990993446070459,0.8983399501887517,0.897530855467908
5061.28335202222,0.999326287344276,0.8749608288385867,0.8743713566549354,0.9992582458127995,0.8788636691383676,0.8782117683318058,0.9991767098452122,0.8872395980771123,0.8865091424510775,0.9990984262127856,0.9002837482452276,0.8994720760167545
5179.47467923121,0.9993134344742227,0.8774777248088469,0.8768752788533557,0.999250661595106,0.8812694056732893,0.8806090366625602,0.9991676171788365,0.8894428542120828,0.8887024972598301,0.9990993940530336,0.9021926537090516,0.9013801336398118
5300.426015879672,0.9993015064936156,0.8799467745721977,0.8793321374641951,0.9992471544196411,0.8836305009143185,0.8829652635970348,0.9991614530913717,0.891606216731643,0.8908585630948889,0.9990979860977003,0.9040670859259922,0.9032516048458753
5424.201813838026,0.9992942101076698,0.8823689790352872,0.8817462119285784,0.9992413241617546,0.8859477661882517,0.8852756190240971,0.9991595480953679,0.893730256915788,0.8929791196191358,0.9990992699798807,0.9059075017380886,0.9050915236558219
5550.868030059805,0.999290107916409,0.8847451117313512,0.8841170381805373,0.9992301336347722,0.8882219317219585,0.8875381195318681,0.9991539652449166,0.895815580528484,0.8950576894132117,0.9990993114473397,0.90771430892039,0.9068967410332593
5680.492161728425,0.9992837585328438,0.8870757410061946,0.8864403805759776,0.9992191905204965,0.8904535360664912,0.8897582615044731,0.9991465797619267,0.897862663517855,0.8970964093497985,0.9990995638563973,0.9094879558868341,0.9086690200591823
5813.143282224714,0.9992724952464328,0.8893616572488918,0.8887146424156028,0.9992140729007918,0.8926432783743687,0.8919417258319683,0.9991443662948399,0.8998721262765844,0.8991021653550081,0.9991010775143369,0.9112288617716304,0.9104097376581987
5948.892077934333,0.9992601757441217,0.8916037780460774,0.8909441479444462,0.9992110154288208,0.8947919164003585,0.8940859393839028,0.9991419064701441,0.9018444654258092,0.901070598525091,0.9991009465426942,0.9129374475843853,0.9121166680158307
6087.810885914763,0.9992523692494186,0.8938027674187159,0.8931345329848389,0.9992031174730115,0.896899991056835,0.8961852671255057,0.9991352894363379,0.9037802369671583,0.9029987286490238,0.9991026144283482,0.9146141485035001,0.9137933869630045
6229.973732441844,0.9992488055896757,0.8959592359751682,0.8952861964052252,0.9991923986898674,0.8989681557814766,0.8982421479211,0.9991326747854778,0.9056799846427306,0.9048944655557619,0.9991026462493408,0.9162593719216959,0.9154371631377253
6375.456372456507,0.9992431908802235,0.8980740108539402,0.8973943402522917,0.9991865831444294,0.9009971343490883,0.9002642480931881,0.9991319889688833,0.907544210898204,0.9067564525119183,0.9991040041058101,0.9178735359159697,0.9170511249964034
6524.336329932625,0.9992321734908919,0.900147856488381,0.8994566991020524,0.9991840970208693,0.902987457337533,0.9022507071809737,0.9991269020732194,0.909373477799783,0.9085795057016467,0.9991040402203283,0.9194570615951027,0.9186332650487783
6676.692939187564,0.9992210837259918,0.9021813523798105,0.9014786286423351,0.9991774075657326,0.9049397816217745,0.9041953850039448,0.9991248427854935,0.9111682632344646,0.9103708477552657,0.999105075254414,0.9210103520848227,0.9201861171298013
6832.6073871574035,0.9992157429952635,0.9041752105884173,0.9034661048460042,0.9991684677739286,0.9068547610543959,0.906100682096213,0.999124770019784,0.9129291243214984,0.9121301013820798,0.9991046434972001,0.922533812133483,0.9217078154857364
6992.162756659374,0.9992127617728159,0.906130207030424,0.9054168666926434,0.9991645918234512,0.908732926787347,0.9079737638700097,0.99912111392578,0.9146565298219286,0.9138526509351736,0.9991054148198295,0.9240278507954593,0.923201229174073
7155.444070664578,0.9992051117438149,0.9080469172183254,0.9073251213877634,0.9991620407292727,0.9105749398301775,0.9098119151176548,0.9991206128111628,0.9163510208422945,0.9155451934940879,0.9991038919411086,0.9254928678451502,0.9246635262278277
7322.538337604533,0.9991943598613597,0.9099260022666004,0.909192929355982,0.9991548193007709,0.9123813718076588,0.9116102446818708,0.9991203409434042,0.9180130640191507,0.917205525513313,0.999104583598019,0.9269292550923041,0.9260992674338184
7493.534597735754,0.9991882916210991,0.9117681980205723,0.9110281081346236,0.99914908907444,0.9141527828030961,0.9133749202125778,0.9991181708286092,0.9196431803155188,0.918832212131846,0.9991015809704454,0.9283374037205547,0.9275033677312049
7668.52397058701,0.9991858357079947,0.91357406017425,0.9128302607963539,0.9991479881998291,0.9158898007896784,0.9151094518717494,0.9991192494847088,0.9212418347048614,0.9204304504842373,0.9991016216379475,0.9297177038803213,0.928882465612338
7847.599703514612,0.9991793751376994,0.9153442462382128,0.9145930919921859,0.9991434789707542,0.9175929346962316,0.9168069970513769,0.9991183363002673,0.9228095273079775,0.9219959196459825,0.9990983620750525,0.9310705408081353,0.9302310522977414
8030.857221391513,0.9991703706660694,0.9170794214433668,0.9163185854537933,0.9991375258758693,0.9192627983601935,0.918469957983332,0.9991183183262653,0.9243467256723277,0.9235317461041257,0.9990952995493557,0.9323962936609398,0.9315527543138857
8218.394177456803,0.9991662704684289,0.9187801302663088,0.918014116138685,0.9991367477380039,0.9208999073424149,0.9201049384143295,0.9991194490746668,0.9258539002629735,0.9250386387543736,0.9990939670178997,0.9336953365897569,0.9328493778195733
8410.310505352605,0.9991638492213661,0.9204470296272921,0.919677397126778,0.9991343528671055,0.9225048293990031,0.9217062657383526,0.9991188596837297,0.9273315268376578,0.9265144176428127,0.9990875379112343,0.934968039674414,0.9341149167840035
8606.708472376162,0.9991567715063112,0.9220807028951474,0.9213031781729857,0.999129370000924,0.9240780947815623,0.9232735646707566,0.9991204461654511,0.9287800508437687,0.9279631387885966,0.9990844966608391,0.9362147690359666,0.9353576612887424
8807.692733975462,0.9991508307774388,0.9236817090471965,0.922897346968431,0.9991291114441039,0.9256202332072538,0.9248141211390477,0.9991205146660885,0.930199940149184,0.9293818429442174,0.9990810917541594,0.9374358865346588,0.9365744689685752
9013.370389517433,0.9991496756386555,0.9252506749432544,0.9244639117539998,0.9991275515368859,0.9271317738628292,0.9263228991716184,0.999121494366276,0.9315916369491617,0.9307732284477717,0.9990733225584889,0.9386317493693702,0.9377619405013435
9223.851039358477,0.9991453915211465,0.9267881139748173,0.9259960729945137,0.999124294730177,0.92861322599848,0.9278000345028458,0.999122388460949,0.9329555801464575,0.932136807563899,0.9990679513382903,0.939802709706276,0.9389267678484231
9439.246843247667,0.9991393068262335,0.9282946307436826,0.9274956538917574,0.9991249241507074,0.9300651029767157,0.929251225466831,0.9991227887444293,0.9342922162221062,0.9334726445740441,0.9990649305957259,0.9409491146186632,0.9400692618906045
9659.672580093833,0.9991383795192278,0.9297707442206343,0.928969634704991,0.9991233026574925,0.9314879035460878,0.930671270576471,0.999123973749,0.9356019707214327,0.9347823588345934,0.9990575754655524,0.9420713063597511,0.9411834752474386
9885.245709128276,0.9991361988949272,0.9312170111727085,0.9304126248893949,0.9991223094249098,0.9328821203155188,0.9320633384708477,0.9991237378135499,0.9368852661958513,0.9360643090640417,0.9990489181122033,0.9431696220415491,0.9422725904969054
10116.086432495807,0.9991311336731366,0.9326339607414803,0.9318236264977028,0.9991232170910582,0.9342482446335117,0.9334291117399083,0.9991248496475339,0.9381425281123655,0.9373215123482246,0.9990437119543543,0.9442443933203853,0.943341423694885
10352.31775930738,0.9991307261537318,0.934022111452291,0.9332101904589692,0.9991218267775146,0.9355867449329598,0.9347651377062474,0.9991239180699294,0.9393741693130913,0.938551200577781,0.9990404490751569,0.9452959468073955,0.944388887207386
10594.065571188512,0.9991293488478087,0.9353819875765277,0.9345675961713051,0.9991229839407331,0.9368981081442853,0.936076433457546,0.9991244421177271,0.9405805932541499,0.9397570605018133,0.9990356853232126,0.9463246033127097,0.9454120486087303
10841.458689358353,0.9991259841623492,0.9367140859711947,0.9358953830247052,0.9991230343395132,0.938182781831617,0.9373600277486906,0.999123205609633,0.9417622024521712,0.9409364706360015,0.9990284870642787,0.9473306782119117,0.9464103342036233
11094.62894327522,0.9991265483711016,0.9380189127008923,0.9371995985536562,0.999123212321168,0.9394412365722677,0.9386175460710544,0.9991220700254191,0.942919395423547,0.942091578222691,0.9990213876091957,0.9483144813239681,0.9473864490221653
11353.71124088518,0.9991250573321979,0.9392969524323328,0.9384751214509133,0.9991246577752899,0.9406739158198746,0.939850504221674,0.99912140651515,0.9440525620654826,0.943223123635096,0.9990164251196708,0.9492763173780916,0.9483426330378271
11618.843640511002,0.9991239040641774,0.940548688708854,0.9397246778252328,0.9991245146425942,0.9418812604794283,0.9410566572274637,0.9991176412811817,0.9451620845423314,0.9443281125363391,0.9990134754665413,0.9502164854490222,0.9492790735740297
11890.1674244199,0.9991248835184159,0.9417745968740449,0.9409504344023831,0.9991260659910189,0.943063714911694,0.9422395394585967,0.9991172608046599,0.9462483397253103,0.9454130492273093,0.9990121557661518,0.9511352783184152,0.9501957048181187
12167.827174109232,0.9991234937886796,0.9429751352004665,0.9421486116373425,0.9991261234593749,0.9442216992600089,0.9433965660678764,0.9991127233128901,0.9473116997159253,0.946471172129341,0.9990117737382415,0.9520329821557878,0.9510921581607612
12451.970847350318,0.9991245483515678,0.9441507731628893,0.9433242148121553,0.9991273564556502,0.9453556369487776,0.9445306784550795,0.9991089458407761,0.948352531053678,0.9475074975864721,0.9990116798879543,0.9529098781013879,0.9519680981038933
12742.749857031335,0.9991247115190417,0.9453019455954607,0.9444745336914535,0.9991274439705652,0.9464659478250309,0.9456401032556014,0.9991070158594051,0.9493711940228846,0.9485234206030845,0.9990117576507007,0.9537662413551112,0.9528236891640721
13040.319151841317,0.9991247819998904,0.946429106831836,0.9456007750417091,0.9991283430488381,0.9475530347406789,0.9467270935513526,0.999100180758018,0.9503680424870846,0.94951288303549,0.9990120465105409,0.9546023396886508,0.9536592369761095
13344.837298838384,0.999126282075046,0.9475326834662594,0.9467048071762352,0.999127998289405,0.9486172977398784,0.9477901018335492,0.9990950957385033,0.9513434240758237,0.9504825493572306,0.9990123762152304,0.9554184357043866,0.9544748417328776
13656.466567946098,0.9991261180361334,0.9486131015822813,0.947784125702121,0.9991286169940331,0.9496591350932524,0.9488316182614709,0.9990922659914199,0.9522976804436946,0.9514332474528638,0.9990125284168353,0.9562147849964431,0.9552705500688572
13975.373018422912,0.9991276329929686,0.9496707866156548,0.9488423251538698,0.9991272181910179,0.9506789341162228,0.9498491988363437,0.9990851753939421,0.9532311473016206,0.9523591079928083,0.9990124625499615,0.9569916366381056,0.9560465715575518
14301.72658735088,0.9991277551573289,0.9507061417176265,0.9498768931886175,0.9991277736412177,0.9516770727871742,0.9508469949592404,0.9990770322489751,0.9541441541810319,0.953263509896894,0.9990123400709641,0.9577492333497615,0.956803302809917
14635.701180190801,0.9991289082092266,0.951719573307436,0.9508905382000095,0.9991248672182137,0.9526539248473657,0.9518202261680343,0.9990730444545018,0.955037024566421,0.9541517477003432,0.9990123604810107,0.9584878107602539,0.9575411703198775
14977.474763451999,0.9991291153731963,0.9527114816674715,0.9518817798843079,0.9991249090629166,0.9536098593196226,0.9527753639742187,0.9990690308701419,0.9559100761348465,0.9550201533630446,0.9990122761524298,0.9592075977504765,0.9582601655314078
15327.229459526136,0.999129889963254,0.9536822511834088,0.9528524426847876,0.9991215775338421,0.9545452379410965,0.953706743959125,0.9990619119704517,0.9567636203202288,0.9558660918208991,0.9990108130425684,0.9599088163822483,0.9589592871007595
15685.151643735479,0.9991297123620035,0.9546322638272091,0.9538014591691677,0.9991187480642054,0.9554604146341947,0.9546184132942233,0.9990536325160787,0.9575979627132397,0.9566917231386586,0.9990065455593229,0.960591681104755,0.959637377033484
16051.432043647616,0.9991301646065173,0.9555618981912557,0.9547307166315454,0.9991172560566812,0.9563557364341496,0.9555115192001542,0.9990475949835543,0.9584134028323678,0.9575006050996815,0.9990008304707567,0.961256399597528,0.96029594149326
16426.265840709304,0.9991289555191581,0.9564715215937334,0.9556383923537668,0.9991109535075496,0.9572315442146812,0.9563805208678342,0.9990445837953836,0.9592102339222832,0.95829378892116,0.9989971970663136,0.9619031719916022,0.9609385726688069
16809.852774253635,0.999129373611998,0.9573614926921921,0.9565279885137973,0.9991081184961736,0.9580881728281021,0.9572336717077219,0.9990424490420743,0.9599887428305712,0.959069504690276,0.9989937972693637,0.962532190727576,0.9615636882089406
17202.39724793599,0.9991265538268511,0.9582321658215928,0.9573952016033678,0.999104531463592,0.9589259509922763,0.9580672629744176,0.9990399154203679,0.9607492101390107,0.9598268096374625,0.9989864682263687,0.9631436406826601,0.9621674640002573
17604.108438655527,0.9991266773408634,0.9590838899580307,0.9582463002649174,0.9990968852105734,0.9597452011360966,0.9588784410508694,0.9990369467494448,0.9614919107060973,0.9605659427961092,0.9989813058553575,0.9637376989690455,0.9627559450181344
18015.20040802024,0.9991231361604839,0.9599170064642202,0.9590752899523152,0.9990918284415111,0.9605462392563946,0.9596738984812885,0.9990337626267013,0.9622171137068981,0.9612873835704069,0.9989779389884491,0.9643145347436975,0.9633289464548642
18435.89221641488,0.9991206807499264,0.9607318489618065,0.9598870589528556,0.9990886985478729,0.9613293749594453,0.9604533141040722,0.9990308711833392,0.9629250812992094,0.9619918828546369,0.9989719152871652,0.9648743089706981,0.9638823364438384
18866.40803973258,0.9991189165814865,0.9615287443192697,0.960681557286226,0.9990812101508924,0.9620949117521738,0.9612109487133778,0.9990287902022402,0.9636160692309087,0.9626801958631929,0.9989704235084147,0.965417174375915,0.9644232035486049
19306.977288832495,0.9991126658769376,0.9623080132567693,0.9614541245197101,0.999072840285393,0.9628431469640039,0.9619504375866534,0.9990274976006239,0.9642903279954357,0.9633525533377649,0.9989669648995354,0.9659432752294203,0.9649454219210505
19757.834731786996,0.9991101774203737,0.9630699704005794,0.9622130089951569,0.999067913270635,0.9635743715810092,0.9626762366965024,0.9990267470674545,0.9649481009998625,0.9640089624308102,0.9989667120249017,0.966452747235591,0.9654541232333719
20219.220618983534,0.9991062004950346,0.9638149241810929,0.9629534668789816,0.9990645930130241,0.9642888706307283,0.9633868680836772,0.9990263801613404,0.9655896254277726,0.9646495082124522,0.9989654565954669,0.9669457173887716,0.9659453700743055
20691.3808111479,0.9990985630587462,0.9645431767518206,0.9636737019008622,0.9990595981794931,0.9649869227827177,0.9640794473237675,0.9990261445458904,0.9662151325272132,0.9652741786505584,0.9989658525123276,0.9674223038121529,0.9664218464671473
21174.566910357116,0.9990939954461919,0.965255023908972,0.9643804984617244,0.9990523174846934,0.9656688006153027,0.9647536531773825,0.9990255418279133,0.9668248464736448,0.9658827161010219,0.9989656093262207,0.9678826155858659,0.9668814468349907
21669.03639411181,0.9990906235899322,0.9659507551191736,0.965072342289181,0.9990454010746692,0.9663347706665721,0.9654123085329841,0.9990240407456923,0.9674189856950922,0.9664748241832101,0.9989661135373644,0.9683267525463155,0.96732561262545
22175.052752539323,0.9990826964537164,0.9666306538020881,0.965743960075409,0.9990406899855687,0.9669850937873639,0.9660574553030878,0.9990216029273747,0.9679977615363091,0.9670506753601142,0.9989647457844922,0.9687548052835459,0.9677518977875826
22692.88562880081,0.9990746641711574,0.9672949973739428,0.9663999246558125,0.9990379259857658,0.9676200249468773,0.9666891028652232,0.9990191111227602,0.9685613791309258,0.9676113280472122,0.9989626065555923,0.9691668551039634,0.9681614477619414
23222.810962777246,0.9990701839725291,0.9679440570503212,0.9670440471523806,0.9990366775383489,0.9682398128436454,0.9673070856836682,0.9990175198379705,0.9691100369799688,0.9681579055938123,0.9989615262463545,0.9695629735970263,0.9685561078964392
23765.111138110733,0.9990667155664553,0.9685780982116149,0.9676741393498817,0.999036251699258,0.9688446996725208,0.9679109772395286,0.9990155398092405,0.9696439266249035,0.9686893507799296,0.9989599738394986,0.9699432230258636,0.9689344566997157
24320.075132679478,0.9990611742188372,0.9691973801421953,0.9682874726546823,0.9990360568637339,0.969434922290999,0.9685004421515999,0.9990102960873287,0.9701632332021474,0.9692030588543173,0.9989565546374773,0.9703076558411056,0.969295192817398
24887.998672586673,0.9990535815989559,0.9698021561385718,0.9688843175326299,0.99903602629523,0.9700107118094627,0.9690756469899332,0.9990036162289857,0.9706681349659294,0.9697009769892087,0.9989523297136315,0.9706563151243295,0.9696393873446978
25469.184389745402,0.9990468955019345,0.970392673668734,0.9694677880465705,0.9990362158058074,0.9705722925301913,0.9696368702953294,0.9990001374592932,0.971158803128534,0.970187777820208,0.9989481127117502,0.9709892342334061,0.9699678630008886
26063.941983143475,0.9990426116917237,0.9709691746063931,0.9700395800709283,0.9990364576451244,0.9711198835071316,0.9701841683677106,0.9989953446703048,0.9716354019801611,0.9706592432950412,0.9989449783854824,0.9713064371454908,0.9702816878599821
26672.588383874052,0.9990402080723465,0.9715318953018965,0.9705994268313278,0.9990365320569515,0.9716536975616255,0.9707175403722803,0.9989884237692351,0.9720980888354717,0.9711147375148338,0.9989429361943774,0.9716079386774877,0.9705808870922561
27295.447924020078,0.9990391250758641,0.9720810661959085,0.9711470178751735,0.9990363816560359,0.9721739414278802,0.9712371367843964,0.9989859179062063,0.9725470138368065,0.9715607713247021,0.9989421998059184,0.9718937446126109,0.9708656752209329
27932.852509482535,0.9990386492181847,0.9726169114565519,0.9716818854283165,0.9990361411675761,0.9726808161622112,0.971743289166424,0.99898081141746,0.972982319918179,0.971990667446705,0.9989423160689215,0.9721638520971347,0.9711356100123962
28585.141796844717,0.9990382929862303,0.9731396500168088,0.9722037747900102,0.9990360256302144,0.9731745165000941,0.9722364012088596,0.9989789131502822,0.9734041426580274,0.9724102124884985,0.9989428282498234,0.9724182501386825,0.9713902370352797
29252.66337436645,0.999038086252369,0.9736494955272026,0.972712928692081,0.9990359014316986,0.9736552313398478,0.9727165317252939,0.998976612030027,0.9738126102361346,0.972816022125811,0.998943693172651,0.972656920223889,0.9716294960783883
29935.772947204903,0.9990381194791025,0.9741466552186108,0.9732096425264585,0.9990346256289244,0.9741231435737993,0.9731827500567215,0.998976268933325,0.9742078433336984,0.9732105164990792,0.9989442213542534,0.9728798371162759,0.9718526913593711
30634.834526960844,0.9990382323584676,0.9746313311559436,0.9736939622792141,0.9990306371706269,0.9745784297542999,0.9736337096501873,0.9989757893072252,0.9745899550218778,0.9735917695688735,0.9989426370100966,0.9730869698499999,0.9720580637021232
31350.22062565112,0.9990382052206754,0.9751037198217477,0.9741658701547232,0.9990248611796599,0.9750212606479086,0.9740704795659939,0.9989761030112163,0.9749590506549211,0.973960793018768,0.9989421640599982,0.9732782827932314,0.9722487140460695
32082.312454210773,0.999037948826708,0.9755640117344762,0.9746254692323656,0.9990208986579016,0.9754518007389578,0.9744967345717019,0.9989758568998705,0.9753152277739904,0.9743163654130144,0.9989416370561505,0.9734537370517848,0.9724234696889373
32831.50012563047,0.9990375396118688,0.9760123922930317,0.9750730190271245,0.9990176671573233,0.9758702082467139,0.9749115788909634,0.9989761306833652,0.9756585761208966,0.9746596292412948,0.998940680704156,0.973613292500116,0.9725819251526804
33598.182862837806,0.9990372042162091,0.9764490408183224,0.9755089197987359,0.9990106035884939,0.9762766352479936,0.975310710648442,0.9989742458800075,0.9759891775403627,0.9749880526204326,0.9989406587960147,0.9737569092764985,0.9727253684598365
34382.76921143307,0.9990370040387874,0.9768741313740679,0.9759334055309415,0.9990050477587741,0.9766712275601072,0.9756994863333054,0.9989712354852426,0.9763071057332925,0.9753027156274086,0.9989409209968716,0.9738845507086787,0.9728531300295521
35185.67725739263,0.9990360490969705,0.9772878322606826,0.9763457747722553,0.9990018596595909,0.9770541246746081,0.9760788875380072,0.9989691510842053,0.9766124265376686,0.9756056866766205,0.9989402847021632,0.9739961856513019,0.9729640269933325
36007.3348498562,0.999032569779735,0.977690306049885,0.9767444589017522,0.9989957989725312,0.9774254596463844,0.9764439279955334,0.9989676969352045,0.9769051975617706,0.9758967353323129,0.9989411178998161,0.974091791863021,0.9730603435006812
36848.179829116765,0.999026690710396,0.9780817099165177,0.9771297339022641,0.9989941319685177,0.9777853591071174,0.9768018360727401,0.9989655718237518,0.9771854685427204,0.9761746403606395,0.9989419679756992,0.9741713597431501,0.9731406552473851
37708.66025993451,0.9990220594518304,0.9784621951791559,0.9775053173236392,0.9989907880705734,0.9781339431584436,0.977146798714431,0.9989631142093403,0.9774532810121307,0.9764397735940155,0.9989421492305736,0.974234896455009,0.973204301320192
38589.23467029903,0.9990190589021579,0.9788319074486739,0.9778717310027784,0.99899036740075,0.9784713253430566,0.9774834287955588,0.9989608621226722,0.9777086686680516,0.9766926945574469,0.9989419655116636,0.9742824306633421,0.97325160625032
39490.37229576702,0.9990125348367991,0.9791909867137448,0.9782240697262446,0.9989891611857473,0.978797612577506,0.9778082059594148,0.9989596184596194,0.9779516574118927,0.9769342145601368,0.9989413844274477,0.9743140178058712,0.973282593814066
40412.55332950601,0.9990062146532073,0.9795395671934152,0.9785661151249346,0.9989894927667066,0.9791129050864386,0.9781235044136377,0.9989593939286819,0.9781822654767854,0.9771643630724747,0.9989399152222017,0.9743297458956443,0.9732968737634642
41356.269178177055,0.9990032959825115,0.9798777773110919,0.9789011291937982,0.998989291870887,0.9794172963321189,0.9784273913089222,0.998960040122513,0.9784005037084373,0.9773830064404675,0.99893766408856,0.97432974194129,0.9732946764668416
42322.022723792754,0.9989972582818183,0.9802057396246708,0.979222846437148,0.9989897066555158,0.9797108729074528,0.9787210775330356,0.9989610014930782,0.9786063759261123,0.9775896053626609,0.998936407978657,0.9743141790391866,0.9732779062520792
43310.32859169001,0.9989951832032224,0.9805235708362252,0.9795383242826127,0.9989882404057583,0.9799937145359267,0.9790021964929484,0.9989620731139282,0.9787998793546556,0.9777839566437896,0.9989356695064632,0.9742832832886896,0.9732463238809423
44321.71342476086,0.9989921564925902,0.9808313817107801,0.9798428571708592,0.9989863878039533,0.9802658941140022,0.9792722846483597,0.9989622823481111,0.9789810051653394,0.9779650992954154,0.9989342484647726,0.974237341854225,0.973199046911468
45356.71616408702,0.9989913858605574,0.9811292770603168,0.9801396961988527,0.9989854112937968,0.9805274774483562,0.9795326453436152,0.9989607521741886,0.9791497391806798,0.9781321599430924,0.9989343325187222,0.9741767105026414,0.9731385620612406
46415.88833612778,0.998990370073316,0.9814173556780171,0.9804264873451576,0.9989835502885555,0.9807785234857537,0.9797816114385656,0.9989605679453232,0.979306062772657,0.9782881406596717,0.9989342332008718,0.9741018213129133,0.9730636559327878
47499.79434661412,0.9989905987054555,0.9816957102988135,0.9807047853779891,0.9989796866570123,0.9810190840928852,0.9800181372316596,0.9989597230777755,0.9794499537807736,0.9784310545973816,0.998931751474637,0.974013190015153,0.9729727018612352
48609.011781306304,0.9989905077152992,0.981964427558642,0.9809731420451709,0.9989751471822721,0.9812492042954196,0.9802435682835042,0.9989586256143098,0.9795813877070443,0.9785612767411873,0.9989269428932431,0.9739114225485708,0.9728663599752533
49744.13171377452,0.9989907584943976,0.9822235879018799,0.9812322870891876,0.9989707729688275,0.9814689220803473,0.9804587677354865,0.9989585321982751,0.9797003394359736,0.978680013077112,0.9989232615432723,0.973797220356604,0.9727486954403914
50905.75902036682,0.9989892030632043,0.9824732655392173,0.9814801845719265,0.998967531177625,0.9816782686742488,0.9806647164682396,0.9989584613322259,0.9798067845923503,0.9787862779392499,0.9989212217637515,0.9736713840756184,0.9726210085772197
52094.51270253212,0.9989879349744579,0.98271352853824,0.9817189585458794,0.9989653648892651,0.9818772686380228,0.9808613839414575,0.9989579133640241,0.9799007018770373,0.9788795604510278,0.9989202294971237,0.9735348145341408,0.9724836203578837
53311.02621667033,0.9989870376488355,0.9829444386288407,0.9819487529192231,0.9989644902288616,0.9820659399740502,0.9810490010973049,0.9989588971563729,0.9799820753050998,0.9789618131797961,0.9989186000628701,0.9733885112979581,0.9723358890230376
54555.94781168515,0.9989845159821716,0.9831660512893382,0.9821676618773825,0.998964463315063,0.9822442943981391,0.9812271443977197,0.9989592471269563,0.9800508968321545,0.9790309060455473,0.9989157533474945,0.9732335669958005,0.9721783417586793
55829.9408744192,0.9989799384736492,0.9833784157198875,0.9823753092321679,0.9989648203139534,0.9824123376591217,0.9813953643638554,0.9989589966548912,0.9801071695286351,0.9790868746865906,0.998912168737051,0.9730711577675512,0.9720126205410576
57133.6842831558,0.9989750312863971,0.9835815749023841,0.9825734345608328,0.9989654954442131,0.982570069933357,0.9815535967196312,0.9989589572195097,0.9801509110919929,0.9791305320622096,0.9989065495373338,0.9729025286722,0.9718387079520943
58467.87276937589,0.9989706662303179,0.9837755655162421,0.9827629321048682,0.9989661464740677,0.9827174863323491,0.9817015003941091,0.9989591058232673,0.980182157761076,0.9791618918609252,0.9989051036867059,0.9727289738014306,0.9716639364341811
59833.21728796283,0.9989674826727258,0.9839604182020723,0.9829444620209267,0.9989647568894944,0.9828545775492461,0.9818370841192093,0.9989587597971513,0.9802009686994604,0.9791803440439792,0.998904369536799,0.9725518109112691,0.9714862535201934
61230.44539605184,0.9989653327030885,0.9841361575602852,0.9831179040623494,0.998963889789644,0.9829813305591857,0.981962853566004,0.9989570044438171,0.9802074309338755,0.979185078939274,0.998902118219333,0.9723723508590626,0.97130480097103
62660.30164072657,0.9989643549900625,0.9843028022954922,0.9832834140100274,0.9989636535972038,0.9830977294463994,0.9820788996508906,0.9989541397801043,0.9802016644200621,0.9791765104917696,0.9988978916645269,0.9721918620066364,0.9711204012518398
64123.54795576918,0.9989641411930192,0.9844603654589722,0.983440603519288,0.9989623428652193,0.9832037567473025,0.9821835283541706,0.9989526144725076,0.9801838277605309,0.9791571974050525,0.9988949962171536,0.9720115309145294,0.9709374544958985
65620.96406767555,0.9989642632274484,0.9846088547183693,0.9835890591209576,0.9989625785608056,0.9832993944134393,0.9822792985405279,0.9989521921343875,0.9801541241189292,0.9791271109181648,0.9988944469978034,0.9718324204419558,0.9707580081919043
67153.34791115142,0.9989645592361325,0.9847482726956769,0.9837286241919796,0.9989625072500382,0.9833846256510734,0.9823643712315365,0.9989515158093554,0.9801128073868145,0.9790851746032211,0.9988947584537118,0.971655427451202,0.9705815135041065
68721.51605431121,0.9989653133725609,0.9848786173972267,0.9838595766621551,0.9989620481886847,0.9834594363972678,0.9824386528939042,0.9989513111873523,0.9800601881797498,0.9790324100246843,0.9988937067598298,0.9714812422846811,0.9704064991533895
70326.30413380644,0.9989645117557454,0.9849998827773236,0.9839799269781155,0.9989630104014035,0.9835238175445673,0.9825039135758016,0.9989500691256338,0.9799966398916566,0.9789677111626592,0.9988929736274298,0.9713103127787317,0.9702350466465363
71968.56730011513,0.9989629846730603,0.9851120594028828,0.984090483098529,0.9989636116875961,0.983577767287645,0.9825583987852877,0.9989477785898992,0.9799226041566634,0.9788915086123281,0.9988937932829898,0.9711428153066202,0.9700685306011517
73649.18067322965,0.9989632220682054,0.9852151351049758,0.984193685794829,0.9989635791145982,0.9836212937702048,0.9826018481180154,0.9989425364128379,0.9798385955951593,0.9788024519590214,0.9988928738067123,0.9709786361790473,0.9699036402978107
75369.03980898541,0.9989614849081263,0.9853090960901855,0.9842858377237353,0.9989633809165199,0.9836544181437207,0.9826347432023234,0.9989375135443037,0.9797452054100547,0.9787042393992732,0.9988922299160609,0.9708173652166283,0.9697419227824727
77129.06117627992,0.998962130334729,0.985393927962601,0.9843712174964263,0.998962899211107,0.9836771779835752,0.9826570056062724,0.9989348265404557,0.9796431032556294,0.9785996134222159,0.9988926081652498,0.9706583039001617,0.9695834048200902
78930.18264543568,0.998961479484197,0.9854696170998964,0.9844461866848376,0.9989615404946184,0.9836896310294952,0.9826681091818074,0.9989337390978742,0.9795330370356099,0.9784885992558783,0.9988917926575298,0.9705004891724102,0.9694249734044383
80773.36398796712,0.998961547494162,0.9855361520711701,0.9845127195844579,0.9989590422841848,0.9836918593163138,0.9826678776853738,0.9989318999749209,0.9794158301323218,0.9783697160595947,0.9988896009170164,0.9703427331883735,0.9692652655072613
82659.58738801812,0.9989625408880757,0.9855935255781219,0.9845710125943572,0.9989572751363637,0.9836839738361386,0.982658262098659,0.9989265029221497,0.9792923753972731,0.978241107893923,0.9988872430709383,0.9701836786883872,0.9691041000774642
84589.857965743,0.9989626060851582,0.98564173642245,0.9846192376828713,0.9989566806031716,0.9836661190367714,0.9826398410947773,0.9989210232738852,0.9791636254406572,0.9781071306777485,0.9988860145687442,0.9700218679608641,0.9689412777319562
86565.20431290938,0.9989623572266426,0.9856807918340973,0.9846580072836134,0.998955359375661,0.9836384781211399,0.9826109294072316,0.9989185998638083,0.979030578935757,0.9779718551343599,0.9988822782146661,0.9698558230677672,0.9687717940856915
88586.67904100823,0.998962393764234,0.9857107101399569,0.9846879305604543,0.9989553270577152,0.9836012779576403,0.9825737363165612,0.9989173617632103,0.9788942626337757,0.9778344742752743,0.9988765426088431,0.9696841335523771,0.9685947347454501
90655.35934216359,0.9989623763028017,0.9857315237628479,0.9847087053747162,0.9989553017187062,0.9835547942628731,0.9825272762597483,0.9989162822917705,0.9787557089756053,0.9776950140817577,0.9988744015957614,0.969505547036078,0.9684142731394337
92772.34756314059,0.9989615907532408,0.985743282501132,0.984719677561652,0.998952468812304,0.9834993564812917,0.9824691102322987,0.9989123026692565,0.9786159296905946,0.977551491756047,0.9988721384435688,0.9693190572362931,0.9682257995357202
94938.7717927582,0.9989591914654737,0.9857460570952996,0.9847200841861992,0.9989481027677721,0.9834353522090229,0.9824008792839591,0.9989083521502431,0.9784758859798551,0.9774077348828862,0.9988674824163739,0.969123983303754,0.9680264333519488
97155.7864630186,0.9989565318977773,0.9857399432530785,0.9847113550652071,0.9989447969024917,0.9833632308224702,0.9823255828953306,0.9989069071128831,0.9783364561200508,0.9772670434986589,0.9988669009803149,0.9689200336512449,0.9678221513109615
99424.5729642742,0.9989557652410721,0.9857250657873002,0.9846957374108587,0.9989427340949578,0.9832835061465632,0.9822439140205241,0.9989071566217772,0.9781984019110359,0.9771293842649194,0.9988664618990137,0.9687073472261309,0.9676092805393448
101746.34027476063,0.998954964198223,0.9857015830597532,0.9846714896155876,0.9989417213919337,0.9831967574242254,0.9821562613283232,0.9989067518876968,0.9780623357697679,0.9769930709674728,0.9988655560292887,0.9684865051027346,0.9673878114263056
104122.32560483045,0.9989546861042712,0.9856696913937137,0.9846393571687012,0.9989400006314629,0.9831036285457391,0.9820615393202741,0.9989052340837132,0.9779286903749514,0.97685808737617,0.9988654391511956,0.9682585068129308,0.967159958619579
106553.79505623053,0.9989545872855389,0.9856296296839626,0.9845992399373414,0.9989365166507178,0.9830048247881474,0.9819594155247212,0.9989058646185665,0.9777976929953206,0.9767278499435303,0.9988635939913988,0.9680247069666977,0.9669246378732264
109042.04429677528,0.9989516345107036,0.9855816836970765,0.9845484338730058,0.9989329076244023,0.9829011068770878,0.9818522605999728,0.9989058143838659,0.9776693470274256,0.976599595290573,0.9988633204217673,0.9677867115317035,0.9666866481406204
111588.3992507748,0.9989484778677947,0.9855261899865971,0.9844898873859583,0.9989275199488025,0.9827932817727226,0.9817392555835704,0.9989058021706498,0.9775434223603564,0.9764737964695142,0.9988609858327681,0.9675462375548187,0.9664441886827918
114194.21680558649,0.9989453124289741,0.9854635391854811,0.984424183039003,0.9989256163613366,0.9826821899893196,0.9816264123223891,0.9989054119050167,0.9774194567218372,0.9763495850207043,0.9988576569907037,0.967304945269466,0.9661999512273797
116860.8855346651,0.9989426126743446,0.9853941783828817,0.9843522350678849,0.9989248297319695,0.9825686892698356,0.981512260628835,0.998905096768633,0.9772967690410688,0.9762267236506412,0.9988545769126099,0.9670642582002306,0.9659565604718983
119589.82643749793,0.9989412960491695,0.9853186122827458,0.9842754515750952,0.9989221954645287,0.9824536347272665,0.9813947417438672,0.9989019343277464,0.9771744855652296,0.9761014838068284,0.9988478597427898,0.9668251916331816,0.965711273408216
122382.49369681923,0.9989397373958894,0.9852374024356682,0.9841927920616945,0.9989181654820768,0.9823378557338102,0.9812751287332147,0.9988982572694884,0.9770515783503724,0.97597511887659,0.9988448932208366,0.9665882137130758,0.9654717011147563
125240.3754535072,0.9989355069087573,0.9851511647647109,0.9841024781559892,0.9989156457106231,0.9822221300568519,0.9811570532770038,0.9988970146360008,0.9769269155884653,0.9758493794988744,0.9988386611523579,0.9663531631555854,0.965230899686671
128164.99459957583,0.9989309609511134,0.9850605644291561,0.9840074962202632,0.9989153100631603,0.982107156307803,0.9810418745584576,0.9988946893009943,0.976799321621711,0.9757196548807411,0.9988363465013944,0.9661192437479413,0.9649950157098839
131157.90958968503,0.9989269069125601,0.9849663079257189,0.9839093473893227,0.9989157811211637,0.9819935259201601,0.9809288300004625,0.9988900728192931,0.9766676443159162,0.9755836143509731,0.9988330789320873,0.9658851071535048,0.9647579954727843
134220.7152716012,0.9989239949966519,0.9848691321904439,0.9838094080765638,0.9989152022502623,0.9818816961237757,0.980816553069312,0.9988870943614305,0.9765308263643743,0.9754440397014764,0.9988314992738535,0.9656490232859408,0.9645206617010286
137355.04373605122,0.9989231510753385,0.984769790486498,0.9837093421965735,0.9989140566671625,0.981771965796604,0.9807058170759804,0.9988851640769252,0.9763879767200051,0.9752994643286993,0.9988255172901965,0.965409123149632,0.9642752668266062
140562.5651864215,0.9989206906664765,0.9846690350405518,0.983606272560601,0.9989148542304486,0.9816644558338011,0.9805992068024341,0.998879782667636,0.9762384371322675,0.975144837914472,0.9988211921248087,0.9651636843763591,0.9640259418243676
143844.9888287663,0.9989179576158363,0.9845675969422426,0.9835022530722769,0.998914086356824,0.9815590961819909,0.9804932077678633,0.9988782150553286,0.9760818389559903,0.9749868850442823,0.9988106139604274,0.9649114178948209,0.9637637657249526
147204.06378260013,0.9989163702844893,0.9844661634191443,0.9833993666305485,0.9989138796355724,0.9814556208734894,0.9803896419368767,0.998877978687614,0.9759181444694459,0.974823143512207,0.9988004824509259,0.964651706390746,0.9634945897401861
150641.5800129591,0.9989164529962973,0.9843653536945939,0.9832987475650493,0.9989142416007621,0.9813535726678341,0.9802880597836879,0.9988759449996328,0.9757476670227319,0.9746508729785184,0.9987852492930619,0.9643847454553288,0.9632132584040266
154159.3692842272,0.9989168608642361,0.9842656942260474,0.9831995975326414,0.9989130898050196,0.9812523180182675,0.9801857848699653,0.9988758370223665,0.9755710649047706,0.9744743640315542,0.9987721664077356,0.964111546504244,0.9629277779607561
157759.30613623615,0.9989169822150059,0.9841675947745057,0.9831017237659501,0.9989100664644645,0.9811510726947377,0.980081683237181,0.9988751631053847,0.97538930473554,0.9742921508589603,0.9987562923497834,0.9638337803559328,0.9626350529097669
161443.3088831602,0.998916086241045,0.9840713268052247,0.9830046783543074,0.9989080833844348,0.9810489376853679,0.9799777140496267,0.9988742139930518,0.9752035925539477,0.9741057219955248,0.9987423788281011,0.9635534696290923,0.9623416843854301
165213.34063573685,0.9989163063573416,0.9839770060035481,0.9829106763776201,0.9989067926382851,0.9809449444097786,0.9798725681751128,0.99887200816818,0.9750152735109776,0.9739154642465575,0.998731918387338,0.9632725743751701,0.9620510661356234
169071.410347358,0.9989164341870997,0.9838845802143908,0.9828184765194308,0.9989020424773914,0.9808381074950784,0.979761188916493,0.998868391853834,0.9748257058793345,0.9737225851694694,0.9987129998364442,0.9629925513546375,0.961753179783541
173019.57388458945,0.9989161601472489,0.9837938246687116,0.9827275497146453,0.998895669746956,0.980727482714399,0.9796444356852458,0.9988657755844802,0.9746361191561107,0.9735306630735163,0.9986947175345224,0.9627139914979358,0.9614573778055636
177059.9351226898,0.9989160448333355,0.9837043454295229,0.9826380540218242,0.9988932531515361,0.980612227235793,0.9795269377437347,0.9988579409293643,0.9744474712937613,0.9733345947203123,0.9986715452322157,0.9624364406401994,0.9611578873619415
181194.6470667122,0.9989150295797673,0.9836155919583643,0.9825483981362099,0.9988910468214299,0.9804916583745737,0.9794043390334578,0.998854379279432,0.9742603235635592,0.9731441907496575,0.9986370051001596,0.9621584778707795,0.9608470607726034
185425.91299878524,0.9989107886124716,0.9835268791336697,0.982455610456977,0.9988868989929748,0.9803653070979137,0.9792740614873304,0.998849474174538,0.9740747526707085,0.9729540545118304,0.9986070678154157,0.9618780650629857,0.9605382341485138
189755.98765218502,0.9989083799338545,0.983437418305617,0.9823638782859964,0.9988858955934975,0.9802329615177279,0.979140879655902,0.9988447405078336,0.9738903184960522,0.9727652224612807,0.9985765399380238,0.9615931022977419,0.9602243129207492
194187.1784128255,0.9989069240549368,0.9833463567317511,0.9822714844835421,0.998885059822467,0.9800946957811887,0.9790019488270753,0.9988423934292325,0.9737060999872339,0.9725789314078923,0.9985454690996941,0.9613020492812662,0.9599038057460592
198721.84654880533,0.9989020321789366,0.983252823721721,0.9821732437613048,0.9988834045261654,0.9799508795922794,0.9788566708755465,0.9988394272631574,0.9735208033598692,0.9723909616567407,0.998511802131903,0.961004427422432,0.9595742626823102
203362.40846866727,0.9988971475841706,0.9831559815633896,0.9820717056139853,0.9988835626167568,0.9798021642433529,0.978708276479009,0.9988362264725731,0.973332935417538,0.9722001963139263,0.9984757132155915,0.9607010228893204,0.9592366390163624
208111.33700903947,0.9988951308194857,0.9830550785770408,0.9819689313179729,0.9988821051358929,0.979649442214824,0.9785542971347466,0.9988325294864271,0.973141023001834,0.9720049095519312,0.9984301528120487,0.9603936801284798,0.958886008810404
212971.16275234782,0.9988918426247532,0.9829495013105389,0.9818602385711664,0.9988817811734318,0.979493779424818,0.9783984910401587,0.9988231684124536,0.9729438488089072,0.9717988577547199,0.9983684307514051,0.9600847017892973,0.9585182571138114
217944.47537529838,0.9988886735884424,0.9828388221248516,0.9817465673835201,0.9988784644544901,0.9793363223834866,0.9782379618869246,0.9988127778547706,0.9727406656306412,0.9715858063708394,0.9983066662471348,0.9597760243239164,0.958150803186738
223033.92502884966,0.9988874096802183,0.9827228383700849,0.9816294704530859,0.9988744254676564,0.9791781859746258,0.9780760479458663,0.9987951475583224,0.9725313485155838,0.9713595917457167,0.9982522085315214,0.9594684630869119,0.9577915122928543
228242.2237504098,0.9988857873737106,0.9826015988687676,0.9815067717606959,0.9988710624193812,0.9790203319911859,0.9779150791462111,0.9987815430738136,0.9723164476324199,0.9711317219223572,0.9981982341180602,0.9591613493404547,0.9574331651459377
233572.14690901217,0.9988846252811308,0.9824754136584948,0.9813795854201894,0.998864947730275,0.9788634521880105,0.9777523910048537,0.9987623200310937,0.9720971167464937,0.970893971617265,0.998128127998611,0.9588527694738923,0.9570579198212598
239026.53468423896,0.998885208242577,0.9823448430948682,0.9812497331608391,0.9988614141946286,0.9787078720518438,0.9775935291611204,0.9987511108191216,0.9718749124050308,0.970661148341761,0.998039952485752,0.958540377893624,0.9566615932086272
244608.29357967986,0.9988847966110785,0.9822106637371071,0.9811152990762727,0.9988536143868721,0.9785534920344195,0.9774316923894752,0.9987378864333533,0.9716514869421798,0.9704251524184576,0.9979305294017264,0.958222476718673,0.9562394634764988
250320.3979717325,0.9988846419291523,0.9820738100590445,0.9809784461088269,0.9988509553709294,0.9783997802601593,0.9772755552475675,0.9987226834490786,0.9714282287021058,0.9701874073475523,0.997818876370827,0.9578988699542123,0.955809574094597
256165.8916945727,0.9988807925696197,0.9819352935275106,0.980836304250842,0.9988475205714569,0.9782458250576187,0.9771184168681816,0.998706140245409,0.9712059283580672,0.9699493240939445,0.9976998739872043,0.9575710290210666,0.9553684949881157
262147.88966213533,0.9988778040452796,0.9817961041986499,0.980694336582158,0.9988460529513626,0.9780904477049928,0.9769617831195632,0.9986759011440441,0.9709845600389648,0.9696988804938664,0.9975624187516904,0.9572413917483121,0.9549080380816807
268269.5795279725,0.9988734114283067,0.9816571032973703,0.9805511796234739,0.9988407407601827,0.9779323655726873,0.9767986884419807,0.9986437034589557,0.9707632525384671,0.9694466096968762,0.9973971206270877,0.956912070431057,0.9544213437412412
274534.22338387143,0.9988657956140464,0.9815189188584138,0.9804056757957482,0.998836591440787,0.9777703862745589,0.976632839838222,0.9986128129389729,0.9705404854878322,0.9691941642841605,0.9972003802341785,0.9565836438332666,0.9539055733563293
280945.1594981406,0.9988621407758965,0.9813818588520792,0.9802651844516165,0.9988235969604556,0.9776036045626726,0.9764535487107956,0.9985736732315902,0.970314485352637,0.9689304998284027,0.996993115545137,0.9562547808540353,0.9533794332185969
287505.8040944877,0.9988560893181875,0.9812458565077026,0.9801233988909591,0.9988139997433658,0.9774315687136207,0.976272334622284,0.9985421831543294,0.970083730624014,0.9686695262197993,0.9967872086947926,0.9559230401515432,0.9528518589196969
294219.6531724374,0.9988539183399915,0.9811104605741764,0.9799860278688698,0.9987972619285841,0.9772543821311376,0.9760790010802904,0.9985138224130188,0.9698474252593764,0.9684060597531645,0.9965558255680249,0.955586460780262,0.952295254324501
301090.28437025927,0.9988488356312517,0.9809748785465805,0.9798456152197605,0.9987843703911633,0.9770727115385514,0.9758849530204188,0.9984780719376161,0.969605784271202,0.9681301140186699,0.9962873073519405,0.955244942054654,0.9516984111811917
308121.3588714002,0.998847479658591,0.9808380733942038,0.9797076375629886,0.9987675037854463,0.9768876856244045,0.9756836752498284,0.9984256062294827,0.96936000946415,0.9678338551038611,0.9960040244947825,0.9549003952456598,0.9510846366563357
315316.62335543614,0.9988426435756392,0.9806989060319409,0.9795638878526812,0.9987543522442099,0.9767006878412005,0.9754840628213125,0.9983690626923732,0.9691119190008095,0.9675313582168453,0.9957064872658297,0.9545554044051456,0.950457008620861
322679.9119945808,0.9988387300516333,0.9805563065399234,0.9794176159684571,0.998743786254333,0.9765130723501101,0.9752863632058004,0.9983120524865817,0.9688633168868662,0.9672279264602849,0.9953776025191251,0.9542112657029387,0.9498005219521309
330215.1484968175,0.9988278764644904,0.9804094498023546,0.9792602888118053,0.9987245818594905,0.9763258572431667,0.9750806335337903,0.9982552181577881,0.96861530889041,0.9669252864873695,0.9949914076159823,0.9538669368455506,0.9490894061702996
337926.3481967431,0.9988174510582529,0.9802579058953618,0.979098702946106,0.9987055270023811,0.976139467332032,0.9748758811496606,0.9981938490216081,0.9683678360471886,0.9666188175326688,0.9945614494750749,0.9535199016993368,0.9483341355374233
345817.62019523775,0.99879751989268,0.9801017349225536,0.9789231820831593,0.9986778895757614,0.9759536006859101,0.97466328225687,0.998120583367144,0.9681196556769431,0.9663001554934691,0.9941240720817003,0.9531683989473353,0.9475676501411197
353893.1695490988,0.9987827141491776,0.9799415000816124,0.9787486311589294,0.9986416343723703,0.9757672733853083,0.9744418246605758,0.9980242482063738,0.9678688397862453,0.9659565711900427,0.9936212037496105,0.9528131021727266,0.9467353015292652
362157.2995118075,0.9987659897929178,0.9797781837164269,0.9785691274370443,0.9986065913701146,0.9755790551296403,0.9742196748550872,0.9979117834773069,0.9676136295989545,0.9655930428300429,0.9930621223148327,0.952456568516444,0.9458485413436427
370614.4138266228,0.9987505083046627,0.9796130083975177,0.9783889900788807,0.9985727726153683,0.9753874536698249,0.9739953539853211,0.9977942849343865,0.9673532823620069,0.9652195766533304,0.9924787058320234,0.9521007652859619,0.9449397353526905
379269.0190732246,0.9987379933858127,0.9794471870135715,0.9782111181853133,0.9985346658810238,0.975191352432504,0.9737623712712541,0.9976768788086495,0.9670884854503017,0.9648418216958411,0.9918534729488663,0.9517450600597088,0.9439916431821496
388125.7270691536,0.9987183837747239,0.9792816489384503,0.9780265856880556,0.9984998016032476,0.9749903717223419,0.9735276927298351,0.9975432590659714,0.96682106299326,0.9644458341119234,0.9911728791261945,0.9513869225869224,0.9429889152234897
397189.25732733024,0.9986980885541094,0.9791168060176387,0.9778420826410205,0.9984628587855864,0.974785025109464,0.973286642872175,0.9973820282801067,0.9665530391572985,0.9640226306350078,0.9904237316591793,0.9510248207965257,0.9419175519137972
406464.43957096274,0.9986710283944527,0.9789524250352771,0.9776514250592235,0.9984089502761632,0.9745765880509171,0.9730259882396408,0.9971909541810888,0.9662855069293134,0.9635711666661991,0.9896572992653803,0.9506601018691584,0.9408277089351825
415956.2163071843,0.9986303756661772,0.9787876569999991,0.9774470856073265,0.9983427844246016,0.9743666832433349,0.9727519475997147,0.9969784142304708,0.9660179556553771,0.9630990495474592,0.9888653142794018,0.9502954421610559,0.9397142010708757
425669.64546078723,0.9985981247761779,0.9786212375484323,0.9772493326820071,0.9982734728658822,0.9741566965814902,0.9724747886119597,0.9967648017772587,0.965748540280516,0.9626241523193855,0.987993003263076,0.9499315171763586,0.9385256925493208
435609.9030694608,0.9985632478858854,0.9784518241024206,0.9770460313755821,0.9982139137303409,0.9739472299196572,0.9722076761449251,0.9965257652293646,0.9654752380088505,0.9621209503667727,0.9870902601577859,0.9495661657192955,0.9373075135568907
445782.28604197066,0.9985279757138524,0.9782783870572662,0.9768383375129046,0.998152951322468,0.973737823463524,0.9719392823044327,0.9962346225199123,0.9651972175848453,0.961562885717908,0.9861480403790877,0.9491974416741626,0.9360491970398188
456192.21498074586,0.9984921486845003,0.9781005403184057,0.9766257101319956,0.9980791795010171,0.9735271067818644,0.9716571359588423,0.9959047006207716,0.9649154770544754,0.9609638593002864,0.9851732483452754,0.948826495315866,0.934758480506395
466845.23707037896,0.9984527026056225,0.9779186950936942,0.9764055640448627,0.9979793605373762,0.9733133695091676,0.971346654105238,0.9955652262282928,0.9646321862692886,0.960354260750277,0.9841974336372765,0.9484559569850246,0.9334679187826483
477747.02903357736,0.9983996382293576,0.9777339588831906,0.9761692308335351,0.9978600863342139,0.9730953401633422,0.9710130001468138,0.9952177096557764,0.9643490771302754,0.9597372798502544,0.983126448124248,0.9480859577209518,0.9320883801306753
488903.40015614434,0.9983278422918526,0.9775477777934366,0.9759131637417169,0.997726517222855,0.9728728205688935,0.9706610109669775,0.9948136599745393,0.9640660613454891,0.9590660869443447,0.9821407047440249,0.9477140294174631,0.9307885247478668
500320.2953826,0.9982573265017691,0.9773614178599735,0.9756581960188756,0.9975891418523196,0.9726468330763148,0.9703019195339773,0.9943537440194802,0.9637812692864978,0.9583395135308759,0.9810703363195888,0.9473393513982453,0.9294065360850577
512003.7984840888,0.9981972267153958,0.9771754663370574,0.9754138405119743,0.9974289667447767,0.9724191349247348,0.9699190129908277,0.99385690072406,0.9634926489385714,0.9575738179445034,0.9800659182545055,0.9469642795433489,0.9280874161848686
523960.1353002645,0.9981369208709323,0.9769895628280818,0.9751693539642599,0.9972317613153989,0.9721912821500951,0.9695000246340153,0.9933319116461292,0.9631998465562714,0.9567771448769995,0.9790635304891193,0.9465902039150567,0.9267719469714908
536195.6770568817,0.9980581568795482,0.9768025100503216,0.9749057128161404,0.9970122486789931,0.971963727294767,0.9690597413845712,0.9927216069612831,0.9629046116279778,0.9558962134057564,0.978069836987783,0.9462150998433438,0.9254644484591582
548716.9437608599,0.9979565095705086,0.9766127673410974,0.9746170684977168,0.9967808339771732,0.9717355077846175,0.9686073298547829,0.9920404486898363,0.9626091509709557,0.9549472140421692,0.9771377576665833,0.9458376267915389,0.924213657759767
561530.6076746272,0.9978300672660412,0.9764191475565349,0.9743003836861878,0.996531219505869,0.9715048035703686,0.9681348666577891,0.9913583053776409,0.9623138983049697,0.9539978754649663,0.9762309781268136,0.9454599395696858,0.9229872815858324
574643.4968715974,0.9976959480611322,0.9762214049452543,0.9739721401244259,0.9962535702195441,0.9712701069897568,0.9676313117360638,0.9906144167597409,0.962017040225435,0.9529879492158515,0.975251170987155,0.9450832977322672,0.9216935927937956
588062.5988746757,0.9975582261011983,0.9760204001374438,0.9736371789996902,0.9959362665729488,0.9710312742402932,0.9670852619924508,0.989779363396384,0.9617165278729115,0.9518871727258311,0.9744769352870645,0.9447055577236243,0.9205937766391744
601795.0643797328,0.9973930926441491,0.9758176955006544,0.9732738291722843,0.9955931444239591,0.9707896848734432,0.9665115549374956,0.9889213646665945,0.9614124917234381,0.9507613533226534,0.9737887537828578,0.9443261612040065,0.9195741956833995
615848.211066026,0.997191362144727,0.9756147255656131,0.9728745771152278,0.9952465751983692,0.9705472732588178,0.9659338497789542,0.9880379578351005,0.9611071645548019,0.9496103601274104,0.9731810900994204,0.9439475510030033,0.9186319066817811
630229.5274956024,0.9969649172343183,0.9754119666051447,0.9724515105558618,0.9948499006490439,0.9703050470311044,0.9653078796381601,0.9870711018870952,0.9608021460540309,0.9483800330010381,0.9724414756228325,0.9435694673260492,0.9175660851591932
644946.677103762,0.9967245123973739,0.9752086125737082,0.9720143288532488,0.9943758266297599,0.9700622445346319,0.9646064462914448,0.9860878607964475,0.9604963412433299,0.9471337824394499,0.9718982933087331,0.9431898862759275,0.916684640737632
660007.5022827088,0.9964679080770129,0.9750030334628413,0.9715592331234594,0.9938762963240769,0.9698169358446381,0.9638780643096339,0.9849840073452041,0.9601874670188165,0.9457692990668348,0.97125199470817,0.9428103482644897,0.9157064313833901
675420.0285605587,0.9961816829584029,0.9747938154922892,0.9710717436545515,0.9933607606477154,0.9695677085234408,0.9631305164383075,0.9838767297030055,0.9598753304878707,0.9443990010829978,0.970677072353382,0.9424320157121177,0.9147971499035349
691192.4688779366,0.9958505405042968,0.9745807403145235,0.9705367570072959,0.9927786751071298,0.9693150015199612,0.9623152629704526,0.9826980054972138,0.9595621927019964,0.9429598529187849,0.9702942183062032,0.9420528074191282,0.9140683923779073
707333.2279644439,0.9954936317002293,0.9743649900977096,0.9699741425939269,0.992091832261764,0.9690607521423464,0.9613972571658637,0.9814344782722496,0.9592493832879654,0.9414404180202015,0.969818577579709,0.9416734898717424,0.9132524444919338
723850.9068173248,0.9951368444355303,0.97414832225857,0.9694108874245594,0.9913678591691981,0.968806509550226,0.9604436353219908,0.980144100573669,0.9589352490984782,0.9398947272360151,0.969391529032577,0.9412955692061793,0.912483951104368
740754.3072847163,0.9947296792257752,0.9739317257884132,0.9687987931813139,0.9906046953940115,0.9685518196813769,0.959451980308786,0.9789212675440709,0.9586179402382863,0.9384114891485497,0.9691265898915795,0.9409171011363419,0.9118677815949334
758052.4367559262,0.9942419903071893,0.9737145944626051,0.9681079363896582,0.9897547458168126,0.968294688243727,0.9583742630384398,0.9776923098623717,0.958298660742085,0.9369212311589463,0.9688763050322005,0.940538933423777,0.9112658865545559
775754.5129612414,0.9937187549240168,0.9734951929437893,0.9673804310566179,0.9888469733325301,0.9680338297091483,0.9572373225913892,0.9765122043984641,0.9579796035633675,0.9354787744444307,0.9686122567665837,0.9401621539919743,0.9106525857046986
793869.9688838224,0.9931830562581525,0.9732721619588913,0.9666374203853113,0.9879230950525142,0.9677702284776648,0.9560825594173334,0.9754024215867182,0.9576599852717063,0.9341038686907231,0.9684144256925743,0.9397849300671658,0.9101012833255304
812408.4577862965,0.9925765550040555,0.9730457923594232,0.9658224404413078,0.986893345594352,0.9675060016070425,0.9548252348085887,0.9743006964604225,0.9573376498687824,0.9327347390149389,0.9681480286135797,0.9394087804218406,0.9094867588276921
831379.8583547333,0.9918657347171645,0.9728178069985941,0.9649046488846014,0.98579346964242,0.9672417354325145,0.953500586354974,0.9732564777139984,0.9570134494634951,0.9314195389497648,0.9679123449831111,0.9390335660743307,0.9089021809568586
850794.2799627444,0.9911132038619965,0.9725896867419532,0.9639464804699528,0.9846679217109701,0.9669757054238112,0.9521499582046633,0.9721199797982241,0.9566895736968545,0.9300170490553578,0.9677709346708159,0.9386583952450394,0.9084063125028998
870662.0680585118,0.9903282990905982,0.9723611256600329,0.9629567396767197,0.9834641829436886,0.9667062599860549,0.9507209821237345,0.9709346559341503,0.9563649777122407,0.9285679005825057,0.9676151838471564,0.9382849265636407,0.9078987417178929
890993.8096776106,0.9894467738838101,0.9721303263513343,0.9618712152029432,0.9821812313494659,0.966434242093016,0.9492135739172063,0.970080481664101,0.9560378565237868,0.9274336643457098,0.9674838965468827,0.9379117312813932,0.907414496397155
911800.3390845681,0.9884828657411533,0.9718960138579297,0.96070255698069,0.9809377878438095,0.9661617953914496,0.9477446142704918,0.9690153057239914,0.9557098675519657,0.9260974894893034,0.9673920312198204,0.9375398567676582,0.9069685863880044
933092.7435461663,0.9874749283215198,0.971658970277083,0.9594888720273244,0.9795531751164154,0.965889084897619,0.9461397199217516,0.96802938407124,0.9553822923086488,0.9248381319761106,0.9672954399369313,0.937168998994974,0.9065192991780969
954882.3692395658,0.9864438304731254,0.9714211405117373,0.9582523908489704,0.978251206168318,0.9656140520905713,0.9446131111506784,0.9671477923662123,0.9550530970780285,0.9236774944315291,0.9672147151797519,0.9367989697059644,0.9060857486648394
977180.82729839,0.9853129284869295,0.9711831863151092,0.9569193494054076,0.9768186824905675,0.9653359057411897,0.9429581476069475,0.9662346139423943,0.9547222377945198,0.9224856728576066,0.9671493131874022,0.936430460677153,0.9056680768916711
1000000.0,0.9841403727168417,0.9709435972413254,0.955544793676109,0.9755559927298976,0.9650565587710848,0.9414667092324244,0.9657281170335711,0.9543918431665172,0.9216830376133999,0.9670773810085174,0.9360627218769172,0.9052450855324333
